Word,TF_Matrix_Avg,DF_Vector,IDF_Vector,TF_IDF_Manual
a,0.271264367816092,199,2.4701758451005924,0.6700706890157916
about,0.04597701149425287,37,4.130907051922243,0.18992676100791908
caveman,0.0011494252873563218,1,7.075346031088684,0.008132581644929523
conversation,0.0011494252873563218,1,7.075346031088684,0.008132581644929523
dad,0.0022988505747126436,2,6.66988092298052,0.015333059593058666
ever,0.006896551724137931,6,5.822583062593316,0.04015574525926425
have,0.05862068965517241,49,3.856470206220483,0.22606894312326958
infuriating,0.0011494252873563218,1,7.075346031088684,0.008132581644929523
is,0.21379310344827587,163,2.668626783824431,0.5705340020590172
most,0.017241379310344827,15,4.995904489408848,0.08613628430015256
my,0.059770114942528735,50,3.8366675789243034,0.22931806218857917
pointless,0.0011494252873563218,1,7.075346031088684,0.008132581644929523
the,0.4528735632183908,300,2.0613829468997538,0.9335458403201132
thing,0.010344827586206896,9,5.465908118654584,0.05654387708953017
to,0.3080459770114943,227,2.3391475826941885,0.7205650024851047
trying,0.0034482758620689655,3,6.382198850528739,0.02200758224320255
vegetarianism,0.01264367816091954,11,5.283586561860629,0.0668039680235252
with,0.08160919540229886,67,3.5489855064725226,0.28962985167764244
alt,0.016091954022988506,14,5.060443010546419,0.08143241626166653
at,0.054022988505747126,45,3.9398518151595345,0.21284256932471032
israel,0.014942528735632184,12,5.203543854187092,0.07775410356831286
latestnews,0.0011494252873563218,1,7.075346031088684,0.008132581644929523
nativeamerican,0.0011494252873563218,1,7.075346031088684,0.008132581644929523
newmexico,0.0011494252873563218,1,7.075346031088684,0.008132581644929523
of,0.22988505747126436,180,2.5699961803828035,0.5908037196282324
palestine,0.010344827586206896,8,5.5712686343124105,0.057633813458404244
politics,0.004597701149425287,4,6.159055299214529,0.028317495628572546
protesting,0.0022988505747126436,2,6.66988092298052,0.015333059593058666
right,0.03218390804597701,28,4.401197381662156,0.14164773182360965
rise,0.0034482758620689655,3,6.382198850528739,0.02200758224320255
and,0.19195402298850575,149,2.7578579175523736,0.5293819221048806
are,0.07701149425287357,61,3.641358826603538,0.28042648434762907
gentleman,0.0011494252873563218,1,7.075346031088684,0.008132581644929523
guy,0.009195402298850575,8,5.5712686343124105,0.05123005640747044
pence,0.0034482758620689655,3,6.382198850528739,0.02200758224320255
president,0.020689655172413793,17,4.878121453752465,0.10092665076729239
stand,0.0022988505747126436,2,6.66988092298052,0.015333059593058666
up,0.035632183908045977,31,4.3027573088489035,0.15331663974059298
user,0.6551724137931034,347,1.916290731874155,1.2555008243313377
vice,0.0011494252873563218,1,7.075346031088684,0.008132581644929523
you,0.12413793103448276,89,3.268683541318364,0.4057676120257275
blocked,0.0022988505747126436,1,7.075346031088684,0.016265163289859046
by,0.05057471264367816,43,3.984303577730368,0.2015050085288923
flynn,0.0034482758620689655,2,6.66988092298052,0.022999589389588
he,0.047126436781609195,39,4.079613757534693,0.1922576598378419
isn,0.005747126436781609,5,5.976733742420574,0.034349044496669964
like,0.0367816091954023,32,4.271985650182149,0.15713050667336634
looks,0.005747126436781609,5,5.976733742420574,0.034349044496669964
me,0.034482758620689655,27,4.436288701473425,0.1529754724646009
pleased,0.0011494252873563218,1,7.075346031088684,0.008132581644929523
t,0.12528735632183907,103,3.1241023125072567,0.39141051961297857
too,0.016091954022988506,13,5.129435882033371,0.0825426463775485
clips,0.0011494252873563218,1,7.075346031088684,0.008132581644929523
efron,0.009195402298850575,7,5.689051669968793,0.052313118804310735
hudgens,0.0022988505747126436,2,6.66988092298052,0.015333059593058666
naked,0.0011494252873563218,1,7.075346031088684,0.008132581644929523
perfect,0.008045977011494253,7,5.689051669968793,0.045773978953771895
pussy,0.0022988505747126436,2,6.66988092298052,0.015333059593058666
vanessa,0.0022988505747126436,2,6.66988092298052,0.015333059593058666
zac,0.009195402298850575,7,5.689051669968793,0.052313118804310735
but,0.03218390804597701,28,4.401197381662156,0.14164773182360965
catholic,0.0034482758620689655,2,6.66988092298052,0.022999589389588
dude,0.0022988505747126436,2,6.66988092298052,0.015333059593058666
even,0.011494252873563218,10,5.370597938850259,0.06173101079138229
everything,0.008045977011494253,7,5.689051669968793,0.045773978953771895
francis,0.0034482758620689655,3,6.382198850528739,0.02200758224320255
him,0.01264367816091954,10,5.370597938850259,0.06790411187052052
hug,0.0022988505747126436,2,6.66988092298052,0.015333059593058666
i,0.21149425287356322,146,2.778060624869893,0.5875438562943224
just,0.05747126436781609,47,3.8972922007407385,0.22398231038739866
m,0.03908045977011494,34,4.213145150159216,0.16465164954645217
need,0.017241379310344827,15,4.995904489408848,0.08613628430015256
not,0.067816091954023,57,3.70805020110221,0.2514654734080806
okay,0.0022988505747126436,2,6.66988092298052,0.015333059593058666
pope,0.0034482758620689655,3,6.382198850528739,0.02200758224320255
tell,0.0022988505747126436,2,6.66988092298052,0.015333059593058666
al,0.0034482758620689655,3,6.382198850528739,0.02200758224320255
america,0.006896551724137931,6,5.822583062593316,0.04015574525926425
as,0.06206896551724138,46,3.9183456099385707,0.24320765854791124
crying,0.0034482758620689655,3,6.382198850528739,0.02200758224320255
do,0.017241379310344827,15,4.995904489408848,0.08613628430015256
for,0.20344827586206896,153,2.731540609235,0.5557272273960878
how,0.04942528735632184,42,4.007293095955067,0.19806161278858384
left,0.011494252873563218,10,5.370597938850259,0.06173101079138229
middle,0.005747126436781609,5,5.976733742420574,0.034349044496669964
much,0.009195402298850575,8,5.5712686343124105,0.05123005640747044
out,0.034482758620689655,30,4.334506007163483,0.1494657243849477
power,0.0034482758620689655,3,6.382198850528739,0.02200758224320255
they,0.05057471264367816,40,4.054921144944322,0.20507647169833357
twice,0.0011494252873563218,1,7.075346031088684,0.008132581644929523
voting,0.006896551724137931,6,5.822583062593316,0.04015574525926425
class,0.006896551724137931,6,5.822583062593316,0.04015574525926425
comey,0.009195402298850575,7,5.689051669968793,0.052313118804310735
editorial,0.0011494252873563218,1,7.075346031088684,0.008132581644929523
families,0.0011494252873563218,1,7.075346031088684,0.008132581644929523
fbi,0.0034482758620689655,3,6.382198850528739,0.02200758224320255
had,0.008045977011494253,7,5.689051669968793,0.045773978953771895
no,0.03218390804597701,26,4.4726563456443005,0.14394756054947166
one,0.028735632183908046,23,4.590439381300683,0.13190917762358287
s,0.20229885057471264,154,2.725068094729383,0.5512781433015782
sentinel,0.0011494252873563218,1,7.075346031088684,0.008132581644929523
android,0.0011494252873563218,1,7.075346031088684,0.008132581644929523
bring,0.0034482758620689655,3,6.382198850528739,0.02200758224320255
edge,0.0011494252873563218,1,7.075346031088684,0.008132581644929523
galaxy,0.006896551724137931,6,5.822583062593316,0.04015574525926425
news,0.013793103448275862,12,5.203543854187092,0.07177301867844264
note,0.006896551724137931,6,5.822583062593316,0.04015574525926425
nougat,0.0022988505747126436,2,6.66988092298052,0.015333059593058666
samsung,0.004597701149425287,4,6.159055299214529,0.028317495628572546
softpedia,0.0011494252873563218,1,7.075346031088684,0.008132581644929523
tab,0.0011494252873563218,1,7.075346031088684,0.008132581644929523
bank,0.0022988505747126436,2,6.66988092298052,0.015333059593058666
comatose,0.0011494252873563218,1,7.075346031088684,0.008132581644929523
deems,0.0011494252873563218,1,7.075346031088684,0.008132581644929523
gaza,0.004597701149425287,4,6.159055299214529,0.028317495628572546
in,0.19195402298850575,150,2.7512133748337053,0.5281064753991126
man,0.008045977011494253,7,5.689051669968793,0.045773978953771895
needs,0.005747126436781609,5,5.976733742420574,0.034349044496669964
security,0.017241379310344827,15,4.995904489408848,0.08613628430015256
threat,0.0011494252873563218,1,7.075346031088684,0.008132581644929523
treatment,0.0011494252873563218,1,7.075346031088684,0.008132581644929523
via,0.021839080459770115,19,4.772760938094638,0.10423271014229665
west,0.0022988505747126436,2,6.66988092298052,0.015333059593058666
who,0.03218390804597701,26,4.4726563456443005,0.1439475605494717
aconite,0.0011494252873563218,1,7.075346031088684,0.008132581644929523
homeopathy,0.008045977011494253,7,5.689051669968793,0.045773978953771895
line,0.0034482758620689655,3,6.382198850528739,0.02200758224320255
presenting,0.0011494252873563218,1,7.075346031088684,0.008132581644929523
red,0.0034482758620689655,3,6.382198850528739,0.02200758224320255
slides,0.0011494252873563218,1,7.075346031088684,0.008132581644929523
symptoms,0.0011494252873563218,1,7.075346031088684,0.008132581644929523
two,0.004597701149425287,4,6.159055299214529,0.028317495628572546
brilliant,0.0022988505747126436,2,6.66988092298052,0.015333059593058666
far,0.008045977011494253,7,5.689051669968793,0.045773978953771895
go,0.02413793103448276,21,4.6774507582903135,0.11290398382080072
good,0.026436781609195402,22,4.63299899571948,0.12248158264545748
it,0.1310344827586207,99,3.163323025660538,0.414504396465863
say,0.016091954022988506,12,5.203543854187092,0.08373518845818309
so,0.05172413793103448,43,3.984303577730368,0.20608466781363988
story,0.005747126436781609,3,6.382198850528739,0.03667930373867091
storytelling,0.0011494252873563218,1,7.075346031088684,0.008132581644929523
westworld,0.010344827586206896,9,5.465908118654584,0.05654387708953017
will,0.0367816091954023,32,4.271985650182149,0.15713050667336634
within,0.0034482758620689655,2,6.66988092298052,0.022999589389588
alamn,0.0011494252873563218,1,7.075346031088684,0.008132581644929523
almasarif,0.0011494252873563218,1,7.075346031088684,0.008132581644929523
alqahira,0.0011494252873563218,1,7.075346031088684,0.008132581644929523
areas,0.004597701149425287,4,6.159055299214529,0.028317495628572546
forces,0.0022988505747126436,2,6.66988092298052,0.015333059593058666
iraq,0.0034482758620689655,3,6.382198850528739,0.02200758224320255
iraqi,0.0011494252873563218,1,7.075346031088684,0.008132581644929523
isis,0.008045977011494253,7,5.689051669968793,0.045773978953771895
mosul,0.0034482758620689655,3,6.382198850528739,0.02200758224320255
mosuloffensive,0.0011494252873563218,1,7.075346031088684,0.008132581644929523
mosulops,0.0011494252873563218,1,7.075346031088684,0.008132581644929523
set,0.0011494252873563218,1,7.075346031088684,0.008132581644929523
storm,0.0011494252873563218,1,7.075346031088684,0.008132581644929523
alfred,0.0011494252873563218,1,7.075346031088684,0.008132581644929523
analytics,0.0011494252873563218,1,7.075346031088684,0.008132581644929523
business,0.005747126436781609,5,5.976733742420574,0.034349044496669964
d,0.02528735632183908,20,4.723970773925206,0.11945673221420057
deep,0.005747126436781609,5,5.976733742420574,0.034349044496669964
essa,0.0011494252873563218,1,7.075346031088684,0.008132581644929523
leaders,0.0022988505747126436,2,6.66988092298052,0.015333059593058666
learning,0.006896551724137931,6,5.822583062593316,0.04015574525926425
n,0.008045977011494253,7,5.689051669968793,0.045773978953771895
pachicago,0.0011494252873563218,1,7.075346031088684,0.008132581644929523
primer,0.0011494252873563218,1,7.075346031088684,0.008132581644929523
r,0.0034482758620689655,3,6.382198850528739,0.02200758224320255
talks,0.0011494252873563218,1,7.075346031088684,0.008132581644929523
vp,0.0011494252873563218,1,7.075346031088684,0.008132581644929523
chick,0.0011494252873563218,1,7.075346031088684,0.008132581644929523
fil,0.0011494252873563218,1,7.075346031088684,0.008132581644929523
live,0.010344827586206896,9,5.465908118654584,0.05654387708953017
love,0.02528735632183908,20,4.723970773925206,0.11945673221420057
nationalfastfoodday,0.005747126436781609,5,5.976733742420574,0.034349044496669964
there,0.013793103448275862,12,5.203543854187092,0.07177301867844264
would,0.020689655172413793,18,4.8240542324821885,0.09980801860307975
blacklivesmatter,0.004597701149425287,4,6.159055299214529,0.028317495628572546
college,0.009195402298850575,8,5.5712686343124105,0.05123005640747044
electoral,0.008045977011494253,7,5.689051669968793,0.045773978953771895
must,0.006896551724137931,5,5.976733742420574,0.04121885339600396
nevertrump,0.0011494252873563218,1,7.075346031088684,0.008132581644929523
notmypresident,0.0034482758620689655,3,6.382198850528739,0.02200758224320255
reject,0.0034482758620689655,3,6.382198850528739,0.02200758224320255
rejecttrump,0.0011494252873563218,1,7.075346031088684,0.008132581644929523
takingbackdemocracy,0.0011494252873563218,1,7.075346031088684,0.008132581644929523
trump,0.08620689655172414,73,3.4644281184444594,0.2986575964176258
barackobama,0.0011494252873563218,1,7.075346031088684,0.008132581644929523
blm,0.0034482758620689655,3,6.382198850528739,0.02200758224320255
em,0.0011494252873563218,1,7.075346031088684,0.008132581644929523
girls,0.0011494252873563218,1,7.075346031088684,0.008132581644929523
git,0.0011494252873563218,1,7.075346031088684,0.008132581644929523
mylifematters,0.0011494252873563218,1,7.075346031088684,0.008132581644929523
pmd,0.0011494252873563218,1,7.075346031088684,0.008132581644929523
skinnyup,0.0011494252873563218,1,7.075346031088684,0.008132581644929523
thepeopleschamp,0.0011494252873563218,1,7.075346031088684,0.008132581644929523
therealskinnysuge,0.0011494252873563218,1,7.075346031088684,0.008132581644929523
doctor,0.0022988505747126436,2,6.66988092298052,0.015333059593058666
joins,0.0034482758620689655,3,6.382198850528739,0.02200758224320255
listen,0.0022988505747126436,2,6.66988092298052,0.015333059593058666
nfl,0.0034482758620689655,3,6.382198850528739,0.02200758224320255
on,0.135632183908046,108,3.0771453294194857,0.417359941231608
reputation,0.0022988505747126436,2,6.66988092298052,0.015333059593058666
romo,0.010344827586206896,9,5.465908118654584,0.05654387708953017
themorningrush,0.0011494252873563218,1,7.075346031088684,0.008132581644929523
tony,0.011494252873563218,10,5.370597938850259,0.06173101079138229
weighs,0.0011494252873563218,1,7.075346031088684,0.008132581644929523
bankruptcuadrilla,0.0011494252873563218,1,7.075346031088684,0.008132581644929523
cuadrilla,0.0011494252873563218,1,7.075346031088684,0.008132581644929523
defenders,0.0011494252873563218,1,7.075346031088684,0.008132581644929523
ecocide,0.0011494252873563218,1,7.075346031088684,0.008132581644929523
fracking,0.006896551724137931,6,5.822583062593316,0.04015574525926425
land,0.005747126436781609,5,5.976733742420574,0.034349044496669964
legal,0.0011494252873563218,1,7.075346031088684,0.008132581644929523
persecuting,0.0011494252873563218,1,7.075346031088684,0.008132581644929523
stop,0.009195402298850575,8,5.5712686343124105,0.05123005640747044
system,0.0022988505747126436,2,6.66988092298052,0.015333059593058666
through,0.0034482758620689655,3,6.382198850528739,0.02200758224320255
animal,0.011494252873563218,9,5.465908118654584,0.06282653009947796
bear,0.0011494252873563218,1,7.075346031088684,0.008132581644929523
gifts,0.0022988505747126436,2,6.66988092298052,0.015333059593058666
jointed,0.0011494252873563218,1,7.075346031088684,0.008132581644929523
lauren,0.0011494252873563218,1,7.075346031088684,0.008132581644929523
plush,0.0011494252873563218,1,7.075346031088684,0.008132581644929523
polo,0.0011494252873563218,1,7.075346031088684,0.008132581644929523
ralph,0.0011494252873563218,1,7.075346031088684,0.008132581644929523
stuffed,0.0011494252873563218,1,7.075346031088684,0.008132581644929523
sweater,0.0011494252873563218,1,7.075346031088684,0.008132581644929523
teddybear,0.0011494252873563218,1,7.075346031088684,0.008132581644929523
valentines,0.006896551724137931,6,5.822583062593316,0.04015574525926425
group,0.0034482758620689655,3,6.382198850528739,0.02200758224320255
leadership,0.0034482758620689655,3,6.382198850528739,0.02200758224320255
makeamericagreatagain,0.0011494252873563218,1,7.075346031088684,0.008132581644929523
molding,0.0011494252873563218,1,7.075346031088684,0.008132581644929523
proud,0.0022988505747126436,2,6.66988092298052,0.015333059593058666
strong,0.0022988505747126436,2,6.66988092298052,0.015333059593058666
teamtrump,0.0011494252873563218,1,7.075346031088684,0.008132581644929523
trumptransitionteam,0.013793103448275862,12,5.203543854187092,0.07177301867844264
way,0.011494252873563218,10,5.370597938850259,0.06173101079138229
all,0.04942528735632184,41,4.030823593365261,0.19922461438471964
come,0.006896551724137931,6,5.822583062593316,0.04015574525926425
crisis,0.0022988505747126436,2,6.66988092298052,0.015333059593058666
everyone,0.010344827586206896,9,5.465908118654584,0.05654387708953017
fossil,0.014942528735632184,12,5.203543854187092,0.07775410356831286
fuels,0.01264367816091954,11,5.283586561860629,0.0668039680235252
run,0.0034482758620689655,3,6.382198850528739,0.02200758224320255
short,0.004597701149425287,4,6.159055299214529,0.028317495628572546
substitutes,0.0011494252873563218,1,7.075346031088684,0.008132581644929523
termed,0.0011494252873563218,1,7.075346031088684,0.008132581644929523
then,0.006896551724137931,6,5.822583062593316,0.04015574525926425
thinking,0.0034482758620689655,3,6.382198850528739,0.02200758224320255
when,0.02528735632183908,22,4.63299899571948,0.11715629644348106
being,0.014942528735632184,13,5.129435882033371,0.07664674306486645
fight,0.0034482758620689655,3,6.382198850528739,0.02200758224320255
from,0.05517241379310345,48,3.8766729135380027,0.21388540212623483
human,0.004597701149425287,4,6.159055299214529,0.028317495628572546
ones,0.005747126436781609,5,5.976733742420574,0.034349044496669964
or,0.03103448275862069,24,4.549617386780429,0.14119502234835807
raped,0.0011494252873563218,1,7.075346031088684,0.008132581644929523
rapeugees,0.0011494252873563218,1,7.075346031088684,0.008132581644929523
real,0.004597701149425287,4,6.159055299214529,0.028317495628572546
rights,0.006896551724137931,6,5.822583062593316,0.04015574525926425
suffer,0.0011494252873563218,1,7.075346031088684,0.008132581644929523
trafficking,0.0022988505747126436,2,6.66988092298052,0.015333059593058666
women,0.005747126436781609,5,5.976733742420574,0.034349044496669964
get,0.034482758620689655,28,4.401197381662156,0.15176542695386747
lucky,0.0022988505747126436,2,6.66988092298052,0.015333059593058666
screamqueens,0.006896551724137931,6,5.822583062593316,0.04015574525926425
tk,0.0011494252873563218,1,7.075346031088684,0.008132581644929523
work,0.011494252873563218,10,5.370597938850259,0.06173101079138229
casually,0.0011494252873563218,1,7.075346031088684,0.008132581644929523
comfortable,0.0022988505747126436,2,6.66988092298052,0.015333059593058666
deplorables,0.010344827586206896,9,5.465908118654584,0.05654387708953017
distasteful,0.0011494252873563218,1,7.075346031088684,0.008132581644929523
pubicly,0.0011494252873563218,1,7.075346031088684,0.008132581644929523
society,0.0011494252873563218,1,7.075346031088684,0.008132581644929523
that,0.09770114942528736,80,3.3740440569761905,0.32964798257813377
today,0.01264367816091954,11,5.283586561860629,0.0668039680235252
why,0.017241379310344827,15,4.995904489408848,0.08613628430015256
candidate,0.0034482758620689655,3,6.382198850528739,0.02200758224320255
cy,0.010344827586206896,9,5.465908118654584,0.05654387708953017
inevitably,0.0011494252873563218,1,7.075346031088684,0.008132581644929523
nl,0.0011494252873563218,1,7.075346031088684,0.008132581644929523
top,0.004597701149425287,4,6.159055299214529,0.028317495628572546
young,0.016091954022988506,14,5.060443010546419,0.08143241626166653
big,0.006896551724137931,6,5.822583062593316,0.04015574525926425
deal,0.0022988505747126436,2,6.66988092298052,0.015333059593058666
microsoft,0.004597701149425287,4,6.159055299214529,0.028317495628572546
move,0.0011494252873563218,1,7.075346031088684,0.008132581644929523
smart,0.0022988505747126436,2,6.66988092298052,0.015333059593058666
this,0.09540229885057472,80,3.3740440569761905,0.32189155945864834
ben,0.008045977011494253,7,5.689051669968793,0.045773978953771895
can,0.054022988505747126,44,3.9618307218783095,0.21402993554974767
carson,0.005747126436781609,5,5.976733742420574,0.034349044496669964
development,0.0011494252873563218,1,7.075346031088684,0.008132581644929523
housing,0.0011494252873563218,1,7.075346031088684,0.008132581644929523
urban,0.0011494252873563218,1,7.075346031088684,0.008132581644929523
ah,0.0011494252873563218,1,7.075346031088684,0.008132581644929523
day,0.017241379310344827,14,5.060443010546419,0.08724901742321414
hard,0.0034482758620689655,3,6.382198850528739,0.02200758224320255
honoured,0.0022988505747126436,2,6.66988092298052,0.015333059593058666
mannequinchallenge,0.009195402298850575,8,5.5712686343124105,0.05123005640747044
time,0.01839080459770115,16,4.935279867592413,0.09076376767986048
tradition,0.0011494252873563218,1,7.075346031088684,0.008132581644929523
wrapping,0.0011494252873563218,1,7.075346031088684,0.008132581644929523
black,0.013793103448275862,11,5.283586561860629,0.07287705602566386
digesting,0.0011494252873563218,1,7.075346031088684,0.008132581644929523
eps,0.0022988505747126436,2,6.66988092298052,0.015333059593058666
friday,0.009195402298850575,8,5.5712686343124105,0.05123005640747044
thanksgiving,0.01839080459770115,16,4.935279867592413,0.09076376767986048
watching,0.014942528735632184,13,5.129435882033371,0.07664674306486645
while,0.010344827586206896,9,5.465908118654584,0.05654387708953017
african,0.0011494252873563218,1,7.075346031088684,0.008132581644929523
bds,0.0034482758620689655,3,6.382198850528739,0.02200758224320255
holy,0.0022988505747126436,2,6.66988092298052,0.015333059593058666
migrants,0.0034482758620689655,3,6.382198850528739,0.02200758224320255
new,0.021839080459770115,19,4.772760938094638,0.10423271014229665
persecution,0.0011494252873563218,1,7.075346031088684,0.008132581644929523
racism,0.0022988505747126436,2,6.66988092298052,0.015333059593058666
cause,0.004597701149425287,4,6.159055299214529,0.028317495628572546
euthanasia,0.009195402298850575,8,5.5712686343124105,0.05123005640747044
lmaooo,0.0011494252873563218,1,7.075346031088684,0.008132581644929523
ago,0.004597701149425287,4,6.159055299214529,0.028317495628572546
been,0.014942528735632184,13,5.129435882033371,0.07664674306486645
cohen,0.010344827586206896,9,5.465908118654584,0.05654387708953017
find,0.005747126436781609,5,5.976733742420574,0.034349044496669964
heart,0.005747126436781609,5,5.976733742420574,0.034349044496669964
leonard,0.010344827586206896,9,5.465908118654584,0.05654387708953017
listening,0.0011494252873563218,1,7.075346031088684,0.008132581644929523
literally,0.0022988505747126436,2,6.66988092298052,0.015333059593058666
month,0.0022988505747126436,2,6.66988092298052,0.015333059593058666
nonstop,0.0022988505747126436,2,6.66988092298052,0.015333059593058666
only,0.020689655172413793,18,4.8240542324821885,0.09980801860307975
overwhel,0.0011494252873563218,1,7.075346031088684,0.008132581644929523
passed,0.004597701149425287,4,6.159055299214529,0.028317495628572546
past,0.0022988505747126436,2,6.66988092298052,0.015333059593058666
ve,0.008045977011494253,7,5.689051669968793,0.045773978953771895
weeks,0.0034482758620689655,3,6.382198850528739,0.02200758224320255
wow,0.0034482758620689655,3,6.382198850528739,0.02200758224320255
didn,0.008045977011494253,7,5.689051669968793,0.045773978953771895
going,0.017241379310344827,14,5.060443010546419,0.08724901742321414
hacking,0.0011494252873563218,1,7.075346031088684,0.008132581644929523
lots,0.0022988505747126436,2,6.66988092298052,0.015333059593058666
needed,0.0011494252873563218,1,7.075346031088684,0.008132581644929523
she,0.026436781609195402,16,4.935279867592413,0.13047291603979944
suppression,0.008045977011494253,7,5.689051669968793,0.045773978953771895
tampering,0.0011494252873563218,1,7.075346031088684,0.008132581644929523
them,0.017241379310344827,14,5.060443010546419,0.08724901742321414
voter,0.017241379310344827,12,5.203543854187092,0.08971627334805331
were,0.013793103448275862,12,5.203543854187092,0.07177301867844264
bench,0.0022988505747126436,2,6.66988092298052,0.015333059593058666
during,0.0034482758620689655,3,6.382198850528739,0.02200758224320255
fcblive,0.006896551724137931,6,5.822583062593316,0.04015574525926425
game,0.005747126436781609,4,6.159055299214529,0.035396869535715685
pictures,0.0034482758620689655,3,6.382198850528739,0.02200758224320255
players,0.004597701149425287,4,6.159055299214529,0.028317495628572546
interview,0.0034482758620689655,3,6.382198850528739,0.02200758224320255
nbawards,0.01264367816091954,11,5.283586561860629,0.0668039680235252
winner,0.0011494252873563218,1,7.075346031088684,0.008132581644929523
matter,0.004597701149425287,4,6.159055299214529,0.028317495628572546
pelosi,0.011494252873563218,10,5.370597938850259,0.06173101079138229
should,0.016091954022988506,14,5.060443010546419,0.08143241626166653
earth,0.006896551724137931,6,5.822583062593316,0.04015574525926425
google,0.004597701149425287,4,6.159055299214529,0.028317495628572546
headset,0.0022988505747126436,2,6.66988092298052,0.015333059593058666
jeez,0.0011494252873563218,1,7.075346031088684,0.008132581644929523
used,0.008045977011494253,7,5.689051669968793,0.045773978953771895
vr,0.010344827586206896,8,5.5712686343124105,0.057633813458404244
anne,0.0011494252873563218,1,7.075346031088684,0.008132581644929523
arent,0.0011494252873563218,1,7.075346031088684,0.008132581644929523
conway,0.0011494252873563218,1,7.075346031088684,0.008132581644929523
counters,0.0022988505747126436,2,6.66988092298052,0.015333059593058666
glorious,0.0022988505747126436,2,6.66988092298052,0.015333059593058666
here,0.022988505747126436,19,4.772760938094638,0.10971864225504911
high,0.0034482758620689655,3,6.382198850528739,0.02200758224320255
kelly,0.0011494252873563218,1,7.075346031088684,0.008132581644929523
meters,0.0022988505747126436,1,7.075346031088684,0.016265163289859046
reporting,0.0022988505747126436,2,6.66988092298052,0.015333059593058666
wall,0.008045977011494253,7,5.689051669968793,0.045773978953771895
doing,0.010344827586206896,9,5.465908118654584,0.05654387708953017
fucking,0.004597701149425287,4,6.159055299214529,0.028317495628572546
god,0.013793103448275862,11,5.283586561860629,0.07287705602566386
horrible,0.0034482758620689655,3,6.382198850528739,0.02200758224320255
oh,0.011494252873563218,10,5.370597938850259,0.06173101079138229
speech,0.013793103448275862,11,5.283586561860629,0.07287705602566386
testing,0.008045977011494253,7,5.689051669968793,0.045773978953771895
am,0.010344827586206896,9,5.465908118654584,0.05654387708953017
back,0.013793103448275862,12,5.203543854187092,0.07177301867844264
be,0.06896551724137931,57,3.70805020110221,0.25572760007601414
hearing,0.0011494252873563218,1,7.075346031088684,0.008132581644929523
her,0.016091954022988506,14,5.060443010546419,0.08143241626166653
hesitation,0.0011494252873563218,1,7.075346031088684,0.008132581644929523
hrc,0.0022988505747126436,2,6.66988092298052,0.015333059593058666
ma,0.0011494252873563218,1,7.075346031088684,0.008132581644929523
voice,0.0022988505747126436,2,6.66988092298052,0.015333059593058666
allen,0.013793103448275862,12,5.203543854187092,0.07177301867844264
ball,0.0011494252873563218,1,7.075346031088684,0.008132581644929523
basketball,0.0011494252873563218,1,7.075346031088684,0.008132581644929523
best,0.01264367816091954,11,5.283586561860629,0.0668039680235252
grayson,0.013793103448275862,12,5.203543854187092,0.07177301867844264
lonzo,0.0011494252873563218,1,7.075346031088684,0.008132581644929523
avakov,0.0011494252873563218,1,7.075346031088684,0.008132581644929523
coward,0.0011494252873563218,1,7.075346031088684,0.008132581644929523
crimea,0.0011494252873563218,1,7.075346031088684,0.008132581644929523
doesn,0.01264367816091954,11,5.283586561860629,0.0668039680235252
poroshenko,0.006896551724137931,6,5.822583062593316,0.04015574525926425
saakasjvili,0.0011494252873563218,1,7.075346031088684,0.008132581644929523
travel,0.0022988505747126436,2,6.66988092298052,0.015333059593058666
well,0.009195402298850575,8,5.5712686343124105,0.05123005640747044
access,0.010344827586206896,9,5.465908118654584,0.05654387708953017
conflict,0.0022988505747126436,2,6.66988092298052,0.015333059593058666
dakota,0.010344827586206896,9,5.465908118654584,0.05654387708953017
elect,0.004597701149425287,4,6.159055299214529,0.028317495628572546
has,0.03908045977011494,33,4.242132687032468,0.16578449581506194
interest,0.0022988505747126436,2,6.66988092298052,0.015333059593058666
istandwithstandingrock,0.0022988505747126436,2,6.66988092298052,0.015333059593058666
pipeline,0.011494252873563218,10,5.370597938850259,0.06173101079138229
country,0.009195402298850575,8,5.5712686343124105,0.05123005640747044
family,0.0034482758620689655,3,6.382198850528739,0.02200758224320255
finally,0.006896551724137931,6,5.822583062593316,0.04015574525926425
happiness,0.0034482758620689655,3,6.382198850528739,0.02200758224320255
miss,0.008045977011494253,7,5.689051669968793,0.045773978953771895
patience,0.0011494252873563218,1,7.075346031088684,0.008132581644929523
thankyouobama,0.01839080459770115,16,4.935279867592413,0.09076376767986048
wisdom,0.0022988505747126436,2,6.66988092298052,0.015333059593058666
your,0.040229885057471264,32,4.271985650182149,0.17186149167399448
an,0.029885057471264367,25,4.510396673627147,0.1347934638095469
apologize,0.0022988505747126436,2,6.66988092298052,0.015333059593058666
asking,0.0034482758620689655,3,6.382198850528739,0.02200758224320255
insult,0.0022988505747126436,2,6.66988092298052,0.015333059593058666
its,0.005747126436781609,5,5.976733742420574,0.034349044496669964
mitt,0.0022988505747126436,2,6.66988092298052,0.015333059593058666
qualifier,0.0011494252873563218,1,7.075346031088684,0.008132581644929523
sos,0.0022988505747126436,2,6.66988092298052,0.015333059593058666
statement,0.004597701149425287,4,6.159055299214529,0.028317495628572546
transition,0.005747126436781609,5,5.976733742420574,0.034349044496669964
gilmoregirlsrevival,0.0011494252873563218,1,7.075346031088684,0.008132581644929523
over,0.01954022988505747,15,4.995904489408848,0.09762112220683956
richard,0.0022988505747126436,2,6.66988092298052,0.015333059593058666
jesus,0.0034482758620689655,3,6.382198850528739,0.02200758224320255
mpn,0.0011494252873563218,1,7.075346031088684,0.008132581644929523
mtvstarsniallhoran,0.0011494252873563218,1,7.075346031088684,0.008132581644929523
onedirection,0.005747126436781609,5,5.976733742420574,0.034349044496669964
fraud,0.005747126436781609,4,6.159055299214529,0.035396869535715685
last,0.008045977011494253,7,5.689051669968793,0.045773978953771895
laundering,0.0022988505747126436,2,6.66988092298052,0.015333059593058666
medicare,0.011494252873563218,10,5.370597938850259,0.06173101079138229
promoting,0.0011494252873563218,1,7.075346031088684,0.008132581644929523
rese,0.0011494252873563218,1,7.075346031088684,0.008132581644929523
scammer,0.0011494252873563218,1,7.075346031088684,0.008132581644929523
self,0.010344827586206896,7,5.689051669968793,0.05885225865484958
campaign,0.0022988505747126436,2,6.66988092298052,0.015333059593058666
jbr,0.0011494252873563218,1,7.075346031088684,0.008132581644929523
join,0.0034482758620689655,3,6.382198850528739,0.02200758224320255
orange,0.0022988505747126436,2,6.66988092298052,0.015333059593058666
orangetheworld,0.0022988505747126436,2,6.66988092298052,0.015333059593058666
performance,0.0011494252873563218,1,7.075346031088684,0.008132581644929523
speakupae,0.0034482758620689655,2,6.66988092298052,0.022999589389588
special,0.008045977011494253,6,5.822583062593316,0.04684836946914162
us,0.03103448275862069,26,4.4726563456443005,0.1388065762441334
walk,0.0034482758620689655,3,6.382198850528739,0.02200758224320255
cabbage,0.0011494252873563218,1,7.075346031088684,0.008132581644929523
christ,0.0011494252873563218,1,7.075346031088684,0.008132581644929523
elmo,0.0011494252873563218,1,7.075346031088684,0.008132581644929523
fun,0.0034482758620689655,3,6.382198850528739,0.02200758224320255
hatchimals,0.016091954022988506,12,5.203543854187092,0.08373518845818309
if,0.0367816091954023,30,4.334506007163483,0.1594301060106109
kids,0.0011494252873563218,1,7.075346031088684,0.008132581644929523
patch,0.0011494252873563218,1,7.075346031088684,0.008132581644929523
seasonal,0.0011494252873563218,1,7.075346031088684,0.008132581644929523
some,0.020689655172413793,17,4.878121453752465,0.10092665076729239
teachecon,0.0011494252873563218,1,7.075346031088684,0.008132581644929523
tickle,0.0011494252873563218,1,7.075346031088684,0.008132581644929523
wanna,0.005747126436781609,5,5.976733742420574,0.034349044496669964
attacked,0.0022988505747126436,2,6.66988092298052,0.015333059593058666
got,0.010344827586206896,8,5.5712686343124105,0.057633813458404244
reminds,0.0011494252873563218,1,7.075346031088684,0.008132581644929523
rightists,0.017241379310344827,14,5.060443010546419,0.08724901742321414
gave,0.0034482758620689655,3,6.382198850528739,0.02200758224320255
liberation,0.0011494252873563218,1,7.075346031088684,0.008132581644929523
medal,0.0011494252873563218,1,7.075346031088684,0.008132581644929523
odessa,0.0022988505747126436,2,6.66988092298052,0.015333059593058666
place,0.005747126436781609,5,5.976733742420574,0.034349044496669964
saakashvili,0.008045977011494253,7,5.689051669968793,0.045773978953771895
growling,0.0011494252873563218,1,7.075346031088684,0.008132581644929523
kierra,0.0011494252873563218,1,7.075346031088684,0.008132581644929523
look,0.017241379310344827,15,4.995904489408848,0.08613628430015256
singing,0.0011494252873563218,1,7.075346031088684,0.008132581644929523
cancelled,0.0011494252873563218,1,7.075346031088684,0.008132581644929523
challenge,0.0022988505747126436,2,6.66988092298052,0.015333059593058666
great,0.01954022988505747,17,4.878121453752465,0.09531961461355393
island,0.0011494252873563218,1,7.075346031088684,0.008132581644929523
mannequin,0.0022988505747126436,2,6.66988092298052,0.015333059593058666
means,0.008045977011494253,7,5.689051669968793,0.045773978953771895
rhode,0.0011494252873563218,1,7.075346031088684,0.008132581644929523
shit,0.0034482758620689655,3,6.382198850528739,0.02200758224320255
state,0.005747126436781609,5,5.976733742420574,0.034349044496669964
taylor,0.0034482758620689655,3,6.382198850528739,0.02200758224320255
books,0.0034482758620689655,3,6.382198850528739,0.02200758224320255
castrohttps,0.0011494252873563218,1,7.075346031088684,0.008132581644929523
co,0.03333333333333333,29,4.367295829986475,0.14557652766621582
fidel,0.005747126436781609,5,5.976733742420574,0.034349044496669964
fidelcastro,0.004597701149425287,4,6.159055299214529,0.028317495628572546
hgt,0.0011494252873563218,1,7.075346031088684,0.008132581644929523
jygz,0.0011494252873563218,1,7.075346031088684,0.008132581644929523
life,0.014942528735632184,12,5.203543854187092,0.07775410356831286
mylife,0.0011494252873563218,1,7.075346031088684,0.008132581644929523
fav,0.0011494252873563218,1,7.075346031088684,0.008132581644929523
series,0.0022988505747126436,2,6.66988092298052,0.015333059593058666
thisisus,0.011494252873563218,10,5.370597938850259,0.06173101079138229
decadent,0.0011494252873563218,1,7.075346031088684,0.008132581644929523
deplora,0.0011494252873563218,1,7.075346031088684,0.008132581644929523
deviant,0.0011494252873563218,1,7.075346031088684,0.008132581644929523
dilettantes,0.0011494252873563218,1,7.075346031088684,0.008132581644929523
misrule,0.0011494252873563218,1,7.075346031088684,0.008132581644929523
our,0.021839080459770115,19,4.772760938094638,0.10423271014229665
own,0.006896551724137931,6,5.822583062593316,0.04015574525926425
sexually,0.0011494252873563218,1,7.075346031088684,0.008132581644929523
touch,0.0034482758620689655,3,6.382198850528739,0.02200758224320255
we,0.054022988505747126,45,3.9398518151595345,0.21284256932471032
first,0.011494252873563218,10,5.370597938850259,0.06173101079138229
neighbors,0.0034482758620689655,3,6.382198850528739,0.02200758224320255
photo,0.009195402298850575,7,5.689051669968793,0.052313118804310735
shirtless,0.0011494252873563218,1,7.075346031088684,0.008132581644929523
zacefron,0.004597701149425287,3,6.382198850528739,0.02934344299093673
born,0.0011494252873563218,1,7.075346031088684,0.008132581644929523
conceived,0.0011494252873563218,1,7.075346031088684,0.008132581644929523
february,0.0011494252873563218,1,7.075346031088684,0.008132581644929523
incredible,0.0022988505747126436,2,6.66988092298052,0.015333059593058666
many,0.014942528735632184,13,5.129435882033371,0.07664674306486645
november,0.0011494252873563218,1,7.075346031088684,0.008132581644929523
people,0.041379310344827586,34,4.213145150159216,0.17433704069624345
think,0.01954022988505747,17,4.878121453752465,0.09531961461355393
u,0.021839080459770115,17,4.878121453752465,0.10653368692103087
called,0.005747126436781609,5,5.976733742420574,0.034349044496669964
dnc,0.0011494252873563218,1,7.075346031088684,0.008132581644929523
michael,0.005747126436781609,5,5.976733742420574,0.034349044496669964
moore,0.005747126436781609,5,5.976733742420574,0.034349044496669964
mooreder,0.0022988505747126436,1,7.075346031088684,0.016265163289859046
picks,0.0011494252873563218,1,7.075346031088684,0.008132581644929523
tells,0.0011494252873563218,1,7.075346031088684,0.008132581644929523
usefulnewverbs,0.0011494252873563218,1,7.075346031088684,0.008132581644929523
was,0.05057471264367816,42,4.007293095955067,0.20266769680692295
wrecks,0.0011494252873563218,1,7.075346031088684,0.008132581644929523
ya,0.0022988505747126436,2,6.66988092298052,0.015333059593058666
fact,0.0034482758620689655,3,6.382198850528739,0.02200758224320255
gun,0.013793103448275862,12,5.203543854187092,0.07177301867844264
loophole,0.0011494252873563218,1,7.075346031088684,0.008132581644929523
nra,0.0011494252873563218,1,7.075346031088684,0.008132581644929523
online,0.0034482758620689655,3,6.382198850528739,0.02200758224320255
pjnet,0.004597701149425287,4,6.159055299214529,0.028317495628572546
read,0.008045977011494253,7,5.689051669968793,0.045773978953771895
tcot,0.006896551724137931,6,5.822583062593316,0.04015574525926425
teaparty,0.0011494252873563218,1,7.075346031088684,0.008132581644929523
tgdn,0.0011494252873563218,1,7.075346031088684,0.008132581644929523
analysis,0.0022988505747126436,2,6.66988092298052,0.015333059593058666
e,0.004597701149425287,4,6.159055299214529,0.028317495628572546
gameplay,0.0011494252873563218,1,7.075346031088684,0.008132581644929523
liked,0.008045977011494253,7,5.689051669968793,0.045773978953771895
persona,0.006896551724137931,6,5.822583062593316,0.04015574525926425
video,0.011494252873563218,10,5.370597938850259,0.06173101079138229
clue,0.0022988505747126436,1,7.075346031088684,0.016265163289859046
does,0.011494252873563218,10,5.370597938850259,0.06173101079138229
donald,0.009195402298850575,8,5.5712686343124105,0.05123005640747044
global,0.0011494252873563218,1,7.075346031088684,0.008132581644929523
maybe,0.005747126436781609,5,5.976733742420574,0.034349044496669964
rockefeller,0.0011494252873563218,1,7.075346031088684,0.008132581644929523
warming,0.0011494252873563218,1,7.075346031088684,0.008132581644929523
bare,0.0011494252873563218,1,7.075346031088684,0.008132581644929523
latest,0.011494252873563218,10,5.370597938850259,0.06173101079138229
nodapl,0.004597701149425287,4,6.159055299214529,0.028317495628572546
thanks,0.009195402298850575,8,5.5712686343124105,0.05123005640747044
thoughts,0.0022988505747126436,2,6.66988092298052,0.015333059593058666
secs,0.0011494252873563218,1,7.075346031088684,0.008132581644929523
tho,0.0011494252873563218,1,7.075346031088684,0.008132581644929523
borders,0.0011494252873563218,1,7.075346031088684,0.008132581644929523
brexit,0.009195402298850575,8,5.5712686343124105,0.05123005640747044
bullshit,0.0022988505747126436,2,6.66988092298052,0.015333059593058666
bullshiting,0.0011494252873563218,1,7.075346031088684,0.008132581644929523
closing,0.0011494252873563218,1,7.075346031088684,0.008132581644929523
funny,0.005747126436781609,5,5.976733742420574,0.034349044496669964
leaving,0.0022988505747126436,2,6.66988092298052,0.015333059593058666
market,0.0022988505747126436,2,6.66988092298052,0.015333059593058666
saying,0.006896551724137931,5,5.976733742420574,0.04121885339600396
single,0.004597701149425287,4,6.159055299214529,0.028317495628572546
tv,0.0034482758620689655,3,6.382198850528739,0.02200758224320255
emotionally,0.0011494252873563218,1,7.075346031088684,0.008132581644929523
engage,0.0011494252873563218,1,7.075346031088684,0.008132581644929523
person,0.005747126436781609,4,6.159055299214529,0.035396869535715685
reacting,0.0011494252873563218,1,7.075346031088684,0.008132581644929523
finale,0.0022988505747126436,2,6.66988092298052,0.015333059593058666
gonna,0.004597701149425287,4,6.159055299214529,0.028317495628572546
season,0.0034482758620689655,2,6.66988092298052,0.022999589389588
where,0.014942528735632184,13,5.129435882033371,0.07664674306486645
yeah,0.009195402298850575,8,5.5712686343124105,0.05123005640747044
yo,0.0022988505747126436,2,6.66988092298052,0.015333059593058666
across,0.0011494252873563218,1,7.075346031088684,0.008132581644929523
affected,0.0011494252873563218,1,7.075346031088684,0.008132581644929523
companies,0.0022988505747126436,2,6.66988092298052,0.015333059593058666
lower,0.0034482758620689655,3,6.382198850528739,0.02200758224320255
numbers,0.0034482758620689655,3,6.382198850528739,0.02200758224320255
pharmaceutical,0.0011494252873563218,1,7.075346031088684,0.008132581644929523
states,0.0034482758620689655,3,6.382198850528739,0.02200758224320255
these,0.010344827586206896,9,5.465908118654584,0.05654387708953017
amid,0.0011494252873563218,1,7.075346031088684,0.008132581644929523
fetal,0.0011494252873563218,1,7.075346031088684,0.008132581644929523
lawsuit,0.0011494252873563218,1,7.075346031088684,0.008132581644929523
possible,0.004597701149425287,4,6.159055299214529,0.028317495628572546
remains,0.004597701149425287,4,6.159055299214529,0.028317495628572546
rules,0.0022988505747126436,2,6.66988092298052,0.015333059593058666
texas,0.0022988505747126436,2,6.66988092298052,0.015333059593058666
bob,0.013793103448275862,12,5.203543854187092,0.07177301867844264
dylan,0.01264367816091954,11,5.283586561860629,0.0668039680235252
greatest,0.004597701149425287,4,6.159055299214529,0.028317495628572546
b,0.005747126436781609,5,5.976733742420574,0.034349044496669964
c,0.0022988505747126436,2,6.66988092298052,0.015333059593058666
cuba,0.011494252873563218,9,5.465908118654584,0.06282653009947797
embargo,0.010344827586206896,9,5.465908118654584,0.05654387708953017
lifted,0.0011494252873563218,1,7.075346031088684,0.008132581644929523
logic,0.0011494252873563218,1,7.075346031088684,0.008132581644929523
long,0.005747126436781609,5,5.976733742420574,0.034349044496669964
policy,0.004597701149425287,4,6.159055299214529,0.028317495628572546
shouldn,0.004597701149425287,4,6.159055299214529,0.028317495628572546
standing,0.0011494252873563218,1,7.075346031088684,0.008132581644929523
anyone,0.010344827586206896,9,5.465908118654584,0.05654387708953017
else,0.005747126436781609,5,5.976733742420574,0.034349044496669964
error,0.0011494252873563218,1,7.075346031088684,0.008132581644929523
flip,0.0011494252873563218,1,7.075346031088684,0.008132581644929523
hillary,0.009195402298850575,7,5.689051669968793,0.052313118804310735
mi,0.0011494252873563218,1,7.075346031088684,0.008132581644929523
pa,0.0022988505747126436,2,6.66988092298052,0.015333059593058666
praying,0.0011494252873563218,1,7.075346031088684,0.008132581644929523
recount,0.005747126436781609,5,5.976733742420574,0.034349044496669964
shows,0.004597701149425287,4,6.159055299214529,0.028317495628572546
stillwithher,0.009195402298850575,8,5.5712686343124105,0.05123005640747044
wi,0.0011494252873563218,1,7.075346031088684,0.008132581644929523
actually,0.005747126436781609,5,5.976733742420574,0.034349044496669964
beautyandthebeast,0.01264367816091954,11,5.283586561860629,0.0668039680235252
cos,0.0011494252873563218,1,7.075346031088684,0.008132581644929523
did,0.014942528735632184,12,5.203543854187092,0.07775410356831286
mean,0.006896551724137931,5,5.976733742420574,0.04121885339600396
really,0.01954022988505747,16,4.935279867592413,0.09643650315985176
sing,0.0011494252873563218,1,7.075346031088684,0.008132581644929523
song,0.006896551724137931,4,6.159055299214529,0.04247624344285882
theme,0.0022988505747126436,2,6.66988092298052,0.015333059593058666
dems,0.008045977011494253,7,5.689051669968793,0.045773978953771895
duck,0.0011494252873563218,1,7.075346031088684,0.008132581644929523
invertebrates,0.0011494252873563218,1,7.075346031088684,0.008132581644929523
lame,0.0011494252873563218,1,7.075346031088684,0.008132581644929523
may,0.005747126436781609,5,5.976733742420574,0.034349044496669964
nope,0.0011494252873563218,1,7.075346031088684,0.008132581644929523
pains,0.0011494252873563218,1,7.075346031088684,0.008132581644929523
session,0.0011494252873563218,1,7.075346031088684,0.008132581644929523
tend,0.0011494252873563218,1,7.075346031088684,0.008132581644929523
cannot,0.0022988505747126436,2,6.66988092298052,0.015333059593058666
wrong,0.004597701149425287,4,6.159055299214529,0.028317495628572546
adrian,0.0011494252873563218,1,7.075346031088684,0.008132581644929523
ali,0.004597701149425287,4,6.159055299214529,0.028317495628572546
bulletproof,0.0011494252873563218,1,7.075346031088684,0.008132581644929523
feat,0.0011494252873563218,1,7.075346031088684,0.008132581644929523
method,0.0011494252873563218,1,7.075346031088684,0.008132581644929523
muhammad,0.004597701149425287,4,6.159055299214529,0.028317495628572546
shaheed,0.0011494252873563218,1,7.075346031088684,0.008132581644929523
younge,0.0011494252873563218,1,7.075346031088684,0.008132581644929523
cabinet,0.011494252873563218,10,5.370597938850259,0.06173101079138229
his,0.035632183908045977,27,4.436288701473425,0.1580746548800876
idiot,0.0011494252873563218,1,7.075346031088684,0.008132581644929523
joke,0.0034482758620689655,3,6.382198850528739,0.02200758224320255
nomination,0.0011494252873563218,1,7.075346031088684,0.008132581644929523
what,0.040229885057471264,33,4.242132687032468,0.17066051039785787
aekbmmx,0.0011494252873563218,1,7.075346031088684,0.008132581644929523
aleppo,0.009195402298850575,7,5.689051669968793,0.052313118804310735
army,0.0034482758620689655,3,6.382198850528739,0.02200758224320255
district,0.0011494252873563218,1,7.075346031088684,0.008132581644929523
monitorhttps,0.0011494252873563218,1,7.075346031088684,0.008132581644929523
syria,0.009195402298850575,6,5.822583062593316,0.053540993679018996
syrianarmy,0.0011494252873563218,1,7.075346031088684,0.008132581644929523
takes,0.0022988505747126436,2,6.66988092298052,0.015333059593058666
y,0.004597701149425287,3,6.382198850528739,0.02934344299093673
full,0.010344827586206896,9,5.465908118654584,0.05654387708953017
powerful,0.004597701149425287,4,6.159055299214529,0.028317495628572546
sport,0.0022988505747126436,2,6.66988092298052,0.015333059593058666
transcript,0.0011494252873563218,1,7.075346031088684,0.008132581644929523
words,0.004597701149425287,4,6.159055299214529,0.028317495628572546
also,0.008045977011494253,7,5.689051669968793,0.045773978953771895
breathtaking,0.0011494252873563218,1,7.075346031088684,0.008132581644929523
defined,0.0011494252873563218,1,7.075346031088684,0.008132581644929523
douchebag,0.0011494252873563218,1,7.075346031088684,0.008132581644929523
form,0.0034482758620689655,3,6.382198850528739,0.02200758224320255
nazi,0.010344827586206896,8,5.5712686343124105,0.057633813458404244
philosophy,0.0011494252873563218,1,7.075346031088684,0.008132581644929523
socialism,0.0022988505747126436,2,6.66988092298052,0.015333059593058666
stuff,0.006896551724137931,6,5.822583062593316,0.04015574525926425
bought,0.0022988505747126436,2,6.66988092298052,0.015333059593058666
deals,0.0022988505747126436,2,6.66988092298052,0.015333059593058666
haven,0.0034482758620689655,3,6.382198850528739,0.02200758224320255
history,0.0034482758620689655,3,6.382198850528739,0.02200758224320255
lemon,0.0011494252873563218,1,7.075346031088684,0.008132581644929523
scotland,0.0011494252873563218,1,7.075346031088684,0.008132581644929523
shabby,0.0011494252873563218,1,7.075346031088684,0.008132581644929523
betpresents,0.0011494252873563218,1,7.075346031088684,0.008132581644929523
brings,0.0011494252873563218,1,7.075346031088684,0.008132581644929523
celebration,0.0011494252873563218,1,7.075346031088684,0.008132581644929523
dignity,0.0011494252873563218,1,7.075346031088684,0.008132581644929523
eyes,0.0011494252873563218,1,7.075346031088684,0.008132581644929523
grace,0.0011494252873563218,1,7.075346031088684,0.008132581644929523
led,0.0011494252873563218,1,7.075346031088684,0.008132581644929523
obama,0.02528735632183908,21,4.6774507582903135,0.11828036400274362
tears,0.004597701149425287,4,6.159055299214529,0.028317495628572546
w,0.009195402298850575,8,5.5712686343124105,0.05123005640747044
communist,0.0022988505747126436,2,6.66988092298052,0.015333059593058666
dictator,0.0011494252873563218,1,7.075346031088684,0.008132581644929523
dynasty,0.0011494252873563218,1,7.075346031088684,0.008132581644929523
fatty,0.004597701149425287,4,6.159055299214529,0.028317495628572546
hereditary,0.0011494252873563218,1,7.075346031088684,0.008132581644929523
keeps,0.0022988505747126436,2,6.66988092298052,0.015333059593058666
kim,0.014942528735632184,13,5.129435882033371,0.07664674306486645
korea,0.0034482758620689655,3,6.382198850528739,0.02200758224320255
north,0.006896551724137931,6,5.822583062593316,0.04015574525926425
third,0.008045977011494253,7,5.689051669968793,0.045773978953771895
world,0.01264367816091954,11,5.283586561860629,0.0668039680235252
worst,0.0022988505747126436,2,6.66988092298052,0.015333059593058666
bodyguard,0.0011494252873563218,1,7.075346031088684,0.008132581644929523
hezbollah,0.005747126436781609,5,5.976733742420574,0.034349044496669964
identified,0.0011494252873563218,1,7.075346031088684,0.008132581644929523
nasrallah,0.0011494252873563218,1,7.075346031088684,0.008132581644929523
after,0.013793103448275862,12,5.203543854187092,0.07177301867844264
episode,0.0034482758620689655,3,6.382198850528739,0.02200758224320255
feels,0.0022988505747126436,2,6.66988092298052,0.015333059593058666
forever,0.0022988505747126436,2,6.66988092298052,0.015333059593058666
queens,0.0011494252873563218,1,7.075346031088684,0.008132581644929523
scream,0.0011494252873563218,1,7.075346031088684,0.008132581644929523
advisor,0.0011494252873563218,1,7.075346031088684,0.008132581644929523
banned,0.0022988505747126436,2,6.66988092298052,0.015333059593058666
bannon,0.01839080459770115,15,4.995904489408848,0.09187870325349604
color,0.0022988505747126436,2,6.66988092298052,0.015333059593058666
fit,0.0022988505747126436,2,6.66988092298052,0.015333059593058666
scheme,0.0011494252873563218,1,7.075346031088684,0.008132581644929523
shopping,0.0034482758620689655,3,6.382198850528739,0.02200758224320255
steve,0.014942528735632184,13,5.129435882033371,0.07664674306486645
wants,0.005747126436781609,5,5.976733742420574,0.034349044496669964
comes,0.0022988505747126436,2,6.66988092298052,0.015333059593058666
dun,0.0022988505747126436,1,7.075346031088684,0.016265163289859046
dunnnn,0.0011494252873563218,1,7.075346031088684,0.008132581644929523
electors,0.0022988505747126436,2,6.66988092298052,0.015333059593058666
popular,0.011494252873563218,8,5.5712686343124105,0.06403757050933805
together,0.0034482758620689655,3,6.382198850528739,0.02200758224320255
vote,0.009195402298850575,7,5.689051669968793,0.052313118804310735
editor,0.0022988505747126436,2,6.66988092298052,0.015333059593058666
exotic,0.0011494252873563218,1,7.075346031088684,0.008132581644929523
fashion,0.0034482758620689655,3,6.382198850528739,0.02200758224320255
journal,0.0011494252873563218,1,7.075346031088684,0.008132581644929523
managing,0.0011494252873563218,1,7.075346031088684,0.008132581644929523
mckesson,0.0011494252873563218,1,7.075346031088684,0.008132581644929523
riley,0.0011494252873563218,1,7.075346031088684,0.008132581644929523
rose,0.0011494252873563218,1,7.075346031088684,0.008132581644929523
behind,0.0022988505747126436,2,6.66988092298052,0.015333059593058666
corruption,0.0022988505747126436,2,6.66988092298052,0.015333059593058666
humanly,0.0022988505747126436,2,6.66988092298052,0.015333059593058666
imminent,0.0011494252873563218,1,7.075346031088684,0.008132581644929523
minimum,0.016091954022988506,13,5.129435882033371,0.0825426463775485
prices,0.0022988505747126436,2,6.66988092298052,0.015333059593058666
prof,0.0022988505747126436,2,6.66988092298052,0.015333059593058666
skyrocketed,0.0011494252873563218,1,7.075346031088684,0.008132581644929523
stuffs,0.0011494252873563218,1,7.075346031088684,0.008132581644929523
wage,0.014942528735632184,12,5.203543854187092,0.07775410356831287
criticism,0.0011494252873563218,1,7.075346031088684,0.008132581644929523
enjoy,0.0034482758620689655,3,6.382198850528739,0.02200758224320255
fate,0.0011494252873563218,1,7.075346031088684,0.008132581644929523
gadafi,0.0011494252873563218,1,7.075346031088684,0.008132581644929523
govt,0.0022988505747126436,2,6.66988092298052,0.015333059593058666
involvement,0.0011494252873563218,1,7.075346031088684,0.008132581644929523
libya,0.005747126436781609,3,6.382198850528739,0.03667930373867091
lives,0.006896551724137931,6,5.822583062593316,0.04015574525926425
post,0.006896551724137931,6,5.822583062593316,0.04015574525926425
saved,0.0022988505747126436,2,6.66988092298052,0.015333059593058666
uk,0.008045977011494253,5,5.976733742420574,0.048088662295337946
wishing,0.0011494252873563218,1,7.075346031088684,0.008132581644929523
blackfriday,0.01264367816091954,11,5.283586561860629,0.0668039680235252
everybody,0.0022988505747126436,2,6.66988092298052,0.015333059593058666
happy,0.011494252873563218,10,5.370597938850259,0.06173101079138229
thewalkingdead,0.010344827586206896,9,5.465908118654584,0.05654387708953017
walkers,0.0011494252873563218,1,7.075346031088684,0.008132581644929523
zombies,0.0011494252873563218,1,7.075346031088684,0.008132581644929523
cried,0.0011494252873563218,1,7.075346031088684,0.008132581644929523
dragon,0.0011494252873563218,1,7.075346031088684,0.008132581644929523
fantasticbeasts,0.016091954022988506,14,5.060443010546419,0.08143241626166653
fat,0.005747126436781609,3,6.382198850528739,0.03667930373867091
fbnewthttps,0.0011494252873563218,1,7.075346031088684,0.008132581644929523
g,0.004597701149425287,4,6.159055299214529,0.028317495628572546
girl,0.0011494252873563218,1,7.075346031088684,0.008132581644929523
lyjv,0.0011494252873563218,1,7.075346031088684,0.008132581644929523
pearlwhen,0.0011494252873563218,1,7.075346031088684,0.008132581644929523
phoenix,0.0011494252873563218,1,7.075346031088684,0.008132581644929523
snapped,0.0011494252873563218,1,7.075346031088684,0.008132581644929523
biggest,0.0034482758620689655,3,6.382198850528739,0.02200758224320255
door,0.0011494252873563218,1,7.075346031088684,0.008132581644929523
heaven,0.0011494252873563218,1,7.075346031088684,0.008132581644929523
hit,0.004597701149425287,4,6.159055299214529,0.028317495628572546
knockin,0.0011494252873563218,1,7.075346031088684,0.008132581644929523
mtv,0.0011494252873563218,1,7.075346031088684,0.008132581644929523
sings,0.0022988505747126436,2,6.66988092298052,0.015333059593058666
th,0.006896551724137931,6,5.822583062593316,0.04015574525926425
unplugged,0.0011494252873563218,1,7.075346031088684,0.008132581644929523
better,0.008045977011494253,7,5.689051669968793,0.045773978953771895
toyboy,0.0011494252873563218,1,7.075346031088684,0.008132581644929523
younger,0.0011494252873563218,1,7.075346031088684,0.008132581644929523
brutal,0.0011494252873563218,1,7.075346031088684,0.008132581644929523
created,0.0034482758620689655,3,6.382198850528739,0.02200758224320255
duped,0.0011494252873563218,1,7.075346031088684,0.008132581644929523
hate,0.008045977011494253,7,5.689051669968793,0.045773978953771895
manipulated,0.0011494252873563218,1,7.075346031088684,0.008132581644929523
myth,0.0011494252873563218,1,7.075346031088684,0.008132581644929523
putin,0.011494252873563218,9,5.465908118654584,0.06282653009947796
reinforced,0.0011494252873563218,1,7.075346031088684,0.008132581644929523
surprised,0.0011494252873563218,1,7.075346031088684,0.008132581644929523
truth,0.0022988505747126436,2,6.66988092298052,0.015333059593058666
against,0.009195402298850575,7,5.689051669968793,0.052313118804310735
border,0.005747126436781609,4,6.159055299214529,0.035396869535715685
building,0.0011494252873563218,1,7.075346031088684,0.008132581644929523
corby,0.0011494252873563218,1,7.075346031088684,0.008132581644929523
denying,0.0011494252873563218,1,7.075346031088684,0.008132581644929523
entry,0.0011494252873563218,1,7.075346031088684,0.008132581644929523
mexican,0.004597701149425287,4,6.159055299214529,0.028317495628572546
muslims,0.004597701149425287,4,6.159055299214529,0.028317495628572546
almost,0.0022988505747126436,2,6.66988092298052,0.015333059593058666
calling,0.0034482758620689655,3,6.382198850528739,0.02200758224320255
emotional,0.0022988505747126436,2,6.66988092298052,0.015333059593058666
experience,0.0022988505747126436,2,6.66988092298052,0.015333059593058666
experienced,0.0011494252873563218,1,7.075346031088684,0.008132581644929523
profound,0.0011494252873563218,1,7.075346031088684,0.008132581644929523
both,0.004597701149425287,3,6.382198850528739,0.02934344299093673
dying,0.0022988505747126436,2,6.66988092298052,0.015333059593058666
exactly,0.006896551724137931,6,5.822583062593316,0.04015574525926425
fuel,0.004597701149425287,3,6.382198850528739,0.02934344299093673
hamas,0.005747126436781609,5,5.976733742420574,0.034349044496669964
idea,0.0022988505747126436,2,6.66988092298052,0.015333059593058666
problem,0.0022988505747126436,2,6.66988092298052,0.015333059593058666
promote,0.0011494252873563218,1,7.075346031088684,0.008132581644929523
their,0.01954022988505747,16,4.935279867592413,0.09643650315985176
war,0.004597701149425287,4,6.159055299214529,0.028317495628572546
along,0.0022988505747126436,2,6.66988092298052,0.015333059593058666
around,0.005747126436781609,5,5.976733742420574,0.034349044496669964
don,0.026436781609195402,23,4.590439381300683,0.12135644341369622
enough,0.004597701149425287,4,6.159055299214529,0.028317495628572546
outdated,0.0011494252873563218,1,7.075346031088684,0.008132581644929523
views,0.0011494252873563218,1,7.075346031088684,0.008132581644929523
won,0.004597701149425287,4,6.159055299214529,0.028317495628572546
worry,0.0011494252873563218,1,7.075346031088684,0.008132581644929523
ashley,0.008045977011494253,7,5.689051669968793,0.045773978953771895
graham,0.008045977011494253,7,5.689051669968793,0.045773978953771895
pretty,0.0022988505747126436,2,6.66988092298052,0.015333059593058666
dak,0.0034482758620689655,3,6.382198850528739,0.02200758224320255
sack,0.0022988505747126436,1,7.075346031088684,0.016265163289859046
guessing,0.0022988505747126436,2,6.66988092298052,0.015333059593058666
nba,0.005747126436781609,5,5.976733742420574,0.034349044496669964
pick,0.0034482758620689655,3,6.382198850528739,0.02200758224320255
round,0.0011494252873563218,1,7.075346031088684,0.008132581644929523
st,0.005747126436781609,5,5.976733742420574,0.034349044496669964
suns,0.0011494252873563218,1,7.075346031088684,0.008132581644929523
team,0.009195402298850575,8,5.5712686343124105,0.05123005640747044
waste,0.0022988505747126436,2,6.66988092298052,0.015333059593058666
efficiency,0.0011494252873563218,1,7.075346031088684,0.008132581644929523
hurting,0.0011494252873563218,1,7.075346031088684,0.008132581644929523
improving,0.0011494252873563218,1,7.075346031088684,0.008132581644929523
industry,0.0011494252873563218,1,7.075346031088684,0.008132581644929523
pollution,0.0011494252873563218,1,7.075346031088684,0.008132581644929523
rapidly,0.0011494252873563218,1,7.075346031088684,0.008132581644929523
reducing,0.0011494252873563218,1,7.075346031088684,0.008132581644929523
vehicles,0.0011494252873563218,1,7.075346031088684,0.008132581644929523
blunt,0.0022988505747126436,2,6.66988092298052,0.015333059593058666
give,0.006896551724137931,6,5.822583062593316,0.04015574525926425
hey,0.0034482758620689655,3,6.382198850528739,0.02200758224320255
marijuana,0.005747126436781609,5,5.976733742420574,0.034349044496669964
medical,0.005747126436781609,5,5.976733742420574,0.034349044496669964
minutes,0.0011494252873563218,1,7.075346031088684,0.008132581644929523
next,0.011494252873563218,10,5.370597938850259,0.06173101079138229
prepared,0.0011494252873563218,1,7.075346031088684,0.008132581644929523
professor,0.0011494252873563218,1,7.075346031088684,0.008132581644929523
roll,0.0011494252873563218,1,7.075346031088684,0.008132581644929523
teach,0.0011494252873563218,1,7.075346031088684,0.008132581644929523
little,0.0034482758620689655,3,6.382198850528739,0.02200758224320255
maduro,0.010344827586206896,9,5.465908118654584,0.05654387708953017
perhaps,0.0011494252873563218,1,7.075346031088684,0.008132581644929523
venezuela,0.0022988505747126436,2,6.66988092298052,0.015333059593058666
break,0.0011494252873563218,1,7.075346031088684,0.008132581644929523
hella,0.0011494252873563218,1,7.075346031088684,0.008132581644929523
mf,0.0011494252873563218,1,7.075346031088684,0.008132581644929523
overs,0.0011494252873563218,1,7.075346031088684,0.008132581644929523
pt,0.0011494252873563218,1,7.075346031088684,0.008132581644929523
taking,0.0022988505747126436,2,6.66988092298052,0.015333059593058666
bigot,0.0011494252873563218,1,7.075346031088684,0.008132581644929523
case,0.006896551724137931,6,5.822583062593316,0.04015574525926425
hater,0.0011494252873563218,1,7.075346031088684,0.008132581644929523
immigration,0.005747126436781609,5,5.976733742420574,0.034349044496669964
lie,0.0034482758620689655,3,6.382198850528739,0.02200758224320255
re,0.027586206896551724,23,4.590439381300683,0.12663281051863953
resign,0.0011494252873563218,1,7.075346031088684,0.008132581644929523
infighting,0.0011494252873563218,1,7.075346031088684,0.008132581644929523
sofs,0.0011494252873563218,1,7.075346031088684,0.008132581644929523
crack,0.0022988505747126436,2,6.66988092298052,0.015333059593058666
feel,0.008045977011494253,7,5.689051669968793,0.045773978953771895
invade,0.0011494252873563218,1,7.075346031088684,0.008132581644929523
lil,0.0022988505747126436,2,6.66988092298052,0.015333059593058666
smile,0.0022988505747126436,2,6.66988092298052,0.015333059593058666
watch,0.008045977011494253,7,5.689051669968793,0.045773978953771895
bad,0.009195402298850575,8,5.5712686343124105,0.05123005640747044
bugs,0.0011494252873563218,1,7.075346031088684,0.008132581644929523
free,0.006896551724137931,6,5.822583062593316,0.04015574525926425
know,0.014942528735632184,12,5.203543854187092,0.07775410356831286
kremlintrolls,0.0011494252873563218,1,7.075346031088684,0.008132581644929523
mh,0.0011494252873563218,1,7.075346031088684,0.008132581644929523
paid,0.004597701149425287,4,6.159055299214529,0.028317495628572546
piss,0.0022988505747126436,2,6.66988092298052,0.015333059593058666
allowed,0.004597701149425287,4,6.159055299214529,0.028317495628572546
gru,0.0011494252873563218,1,7.075346031088684,0.008132581644929523
headquarters,0.0011494252873563218,1,7.075346031088684,0.008132581644929523
inside,0.0034482758620689655,3,6.382198850528739,0.02200758224320255
intelli,0.0011494252873563218,1,7.075346031088684,0.008132581644929523
military,0.0011494252873563218,1,7.075346031088684,0.008132581644929523
officer,0.0022988505747126436,2,6.66988092298052,0.015333059593058666
russian,0.0034482758620689655,3,6.382198850528739,0.02200758224320255
awesome,0.005747126436781609,5,5.976733742420574,0.034349044496669964
definitely,0.0034482758620689655,3,6.382198850528739,0.02200758224320255
getting,0.004597701149425287,4,6.159055299214529,0.028317495628572546
lol,0.004597701149425287,4,6.159055299214529,0.028317495628572546
model,0.010344827586206896,9,5.465908118654584,0.05654387708953017
saw,0.0022988505747126436,2,6.66988092298052,0.015333059593058666
subs,0.0011494252873563218,1,7.075346031088684,0.008132581644929523
tesla,0.017241379310344827,11,5.283586561860629,0.09109632003207982
x,0.005747126436781609,5,5.976733742420574,0.034349044496669964
avoid,0.0011494252873563218,1,7.075346031088684,0.008132581644929523
cars,0.006896551724137931,6,5.822583062593316,0.04015574525926425
concern,0.0022988505747126436,2,6.66988092298052,0.015333059593058666
hind,0.0011494252873563218,1,7.075346031088684,0.008132581644929523
india,0.0011494252873563218,1,7.075346031088684,0.008132581644929523
jai,0.0011494252873563218,1,7.075346031088684,0.008132581644929523
serious,0.0011494252873563218,1,7.075346031088684,0.008132581644929523
sir,0.0022988505747126436,2,6.66988092298052,0.015333059593058666
solar,0.0011494252873563218,1,7.075346031088684,0.008132581644929523
take,0.014942528735632184,13,5.129435882033371,0.07664674306486645
before,0.006896551724137931,6,5.822583062593316,0.04015574525926425
cool,0.004597701149425287,4,6.159055299214529,0.028317495628572546
kick,0.0011494252873563218,1,7.075346031088684,0.008132581644929523
nah,0.0011494252873563218,1,7.075346031088684,0.008132581644929523
old,0.005747126436781609,5,5.976733742420574,0.034349044496669964
repeal,0.0011494252873563218,1,7.075346031088684,0.008132581644929523
summer,0.0011494252873563218,1,7.075346031088684,0.008132581644929523
wait,0.009195402298850575,8,5.5712686343124105,0.05123005640747044
another,0.005747126436781609,5,5.976733742420574,0.034349044496669964
email,0.0011494252873563218,1,7.075346031088684,0.008132581644929523
kilkenny,0.0011494252873563218,1,7.075346031088684,0.008132581644929523
ll,0.011494252873563218,10,5.370597938850259,0.06173101079138229
placement,0.0011494252873563218,1,7.075346031088684,0.008132581644929523
tipp,0.0022988505747126436,2,6.66988092298052,0.015333059593058666
uno,0.0022988505747126436,2,6.66988092298052,0.015333059593058666
wen,0.0011494252873563218,1,7.075346031088684,0.008132581644929523
wks,0.0022988505747126436,1,7.075346031088684,0.016265163289859046
ask,0.006896551724137931,6,5.822583062593316,0.04015574525926425
bbn,0.0011494252873563218,1,7.075346031088684,0.008132581644929523
dropsmic,0.0011494252873563218,1,7.075346031088684,0.008132581644929523
duncan,0.009195402298850575,8,5.5712686343124105,0.05123005640747044
tim,0.009195402298850575,8,5.5712686343124105,0.05123005640747044
ad,0.004597701149425287,4,6.159055299214529,0.028317495628572546
coming,0.004597701149425287,4,6.159055299214529,0.028317495628572546
every,0.0011494252873563218,1,7.075346031088684,0.008132581644929523
jaguar,0.0011494252873563218,1,7.075346031088684,0.008132581644929523
see,0.02528735632183908,21,4.6774507582903135,0.11828036400274361
tl,0.0022988505747126436,2,6.66988092298052,0.015333059593058666
air,0.0022988505747126436,2,6.66988092298052,0.015333059593058666
caused,0.0011494252873563218,1,7.075346031088684,0.008132581644929523
could,0.011494252873563218,10,5.370597938850259,0.06173101079138229
drone,0.006896551724137931,6,5.822583062593316,0.04015574525926425
flying,0.0011494252873563218,1,7.075346031088684,0.008132581644929523
force,0.0022988505747126436,2,6.66988092298052,0.015333059593058666
strikes,0.006896551724137931,6,5.822583062593316,0.04015574525926425
true,0.005747126436781609,5,5.976733742420574,0.034349044496669964
above,0.0011494252873563218,1,7.075346031088684,0.008132581644929523
ahead,0.004597701149425287,4,6.159055299214529,0.028317495628572546
days,0.008045977011494253,7,5.689051669968793,0.045773978953771895
florida,0.0011494252873563218,1,7.075346031088684,0.008132581644929523
hazy,0.0011494252873563218,1,7.075346031088684,0.008132581644929523
law,0.004597701149425287,3,6.382198850528739,0.02934344299093673
bearakeet,0.0011494252873563218,1,7.075346031088684,0.008132581644929523
burtle,0.0011494252873563218,1,7.075346031088684,0.008132581644929523
dm,0.0022988505747126436,2,6.66988092298052,0.015333059593058666
draggle,0.0011494252873563218,1,7.075346031088684,0.008132581644929523
gone,0.0022988505747126436,2,6.66988092298052,0.015333059593058666
hatchimal,0.0034482758620689655,3,6.382198850528739,0.02200758224320255
penguala,0.0011494252873563218,1,7.075346031088684,0.008132581644929523
sale,0.0034482758620689655,3,6.382198850528739,0.02200758224320255
calls,0.005747126436781609,5,5.976733742420574,0.034349044496669964
jong,0.008045977011494253,7,5.689051669968793,0.045773978953771895
loser,0.0011494252873563218,1,7.075346031088684,0.008132581644929523
potus,0.0034482758620689655,3,6.382198850528739,0.02200758224320255
terrifying,0.0011494252873563218,1,7.075346031088684,0.008132581644929523
til,0.0011494252873563218,1,7.075346031088684,0.008132581644929523
un,0.010344827586206896,9,5.465908118654584,0.05654387708953017
unsporting,0.0011494252873563218,1,7.075346031088684,0.008132581644929523
want,0.011494252873563218,10,5.370597938850259,0.06173101079138229
approved,0.0022988505747126436,2,6.66988092298052,0.015333059593058666
enormous,0.0011494252873563218,1,7.075346031088684,0.008132581644929523
gov,0.004597701149425287,4,6.159055299214529,0.028317495628572546
nodakotaaccess,0.0011494252873563218,1,7.075346031088684,0.008132581644929523
oil,0.0034482758620689655,3,6.382198850528739,0.02200758224320255
quietly,0.0011494252873563218,1,7.075346031088684,0.008132581644929523
diva,0.0011494252873563218,1,7.075346031088684,0.008132581644929523
excited,0.0034482758620689655,3,6.382198850528739,0.02200758224320255
more,0.03333333333333333,29,4.367295829986475,0.14557652766621582
reveal,0.0011494252873563218,1,7.075346031088684,0.008132581644929523
roman,0.0011494252873563218,1,7.075346031088684,0.008132581644929523
tami,0.0011494252873563218,1,7.075346031088684,0.008132581644929523
which,0.006896551724137931,6,5.822583062593316,0.04015574525926425
again,0.008045977011494253,7,5.689051669968793,0.045773978953771895
josh,0.0022988505747126436,1,7.075346031088684,0.016265163289859046
list,0.0034482758620689655,3,6.382198850528739,0.02200758224320255
mouth,0.0034482758620689655,3,6.382198850528739,0.02200758224320255
norman,0.0022988505747126436,1,7.075346031088684,0.016265163289859046
punch,0.0011494252873563218,1,7.075346031088684,0.008132581644929523
hello,0.0011494252873563218,1,7.075346031088684,0.008132581644929523
melania,0.009195402298850575,8,5.5712686343124105,0.05123005640747044
quote,0.0022988505747126436,2,6.66988092298052,0.015333059593058666
year,0.009195402298850575,8,5.5712686343124105,0.05123005640747044
antoine,0.0011494252873563218,1,7.075346031088684,0.008132581644929523
walker,0.0011494252873563218,1,7.075346031088684,0.008132581644929523
churches,0.0022988505747126436,2,6.66988092298052,0.015333059593058666
conservatives,0.010344827586206896,9,5.465908118654584,0.05654387708953017
recreate,0.0011494252873563218,1,7.075346031088684,0.008132581644929523
chairhttps,0.0011494252873563218,1,7.075346031088684,0.008132581644929523
dccc,0.0011494252873563218,1,7.075346031088684,0.008132581644929523
ds,0.0011494252873563218,1,7.075346031088684,0.008132581644929523
elections,0.0011494252873563218,1,7.075346031088684,0.008132581644929523
house,0.0034482758620689655,3,6.382198850528739,0.02200758224320255
including,0.0011494252873563218,1,7.075346031088684,0.008132581644929523
letter,0.0011494252873563218,1,7.075346031088684,0.008132581644929523
lujan,0.0011494252873563218,1,7.075346031088684,0.008132581644929523
rd,0.0022988505747126436,2,6.66988092298052,0.015333059593058666
sends,0.0022988505747126436,2,6.66988092298052,0.015333059593058666
spbdr,0.0011494252873563218,1,7.075346031088684,0.008132581644929523
vdt,0.0011494252873563218,1,7.075346031088684,0.008132581644929523
down,0.005747126436781609,5,5.976733742420574,0.034349044496669964
gauntlet,0.0011494252873563218,1,7.075346031088684,0.008132581644929523
med,0.0011494252873563218,1,7.075346031088684,0.008132581644929523
plan,0.005747126436781609,5,5.976733742420574,0.034349044496669964
privatize,0.0011494252873563218,1,7.075346031088684,0.008132581644929523
schumer,0.0011494252873563218,1,7.075346031088684,0.008132581644929523
something,0.005747126436781609,5,5.976733742420574,0.034349044496669964
throw,0.0034482758620689655,3,6.382198850528739,0.02200758224320255
voucherize,0.0011494252873563218,1,7.075346031088684,0.008132581644929523
care,0.005747126436781609,5,5.976733742420574,0.034349044496669964
sexuality,0.0011494252873563218,1,7.075346031088684,0.008132581644929523
though,0.005747126436781609,5,5.976733742420574,0.034349044496669964
fantasies,0.0011494252873563218,1,7.075346031088684,0.008132581644929523
hollywood,0.0011494252873563218,1,7.075346031088684,0.008132581644929523
killer,0.0034482758620689655,3,6.382198850528739,0.02200758224320255
rebel,0.0011494252873563218,1,7.075346031088684,0.008132581644929523
revolt,0.0011494252873563218,1,7.075346031088684,0.008132581644929523
robots,0.010344827586206896,8,5.5712686343124105,0.057633813458404244
wieners,0.0011494252873563218,1,7.075346031088684,0.008132581644929523
working,0.005747126436781609,5,5.976733742420574,0.034349044496669964
boom,0.0011494252873563218,1,7.075346031088684,0.008132581644929523
businesses,0.0011494252873563218,1,7.075346031088684,0.008132581644929523
continue,0.0034482758620689655,3,6.382198850528739,0.02200758224320255
puts,0.0022988505747126436,2,6.66988092298052,0.015333059593058666
win,0.013793103448275862,10,5.370597938850259,0.07407721294965874
anti,0.009195402298850575,8,5.5712686343124105,0.05123005640747044
deeply,0.0011494252873563218,1,7.075346031088684,0.008132581644929523
ellison,0.0011494252873563218,1,7.075346031088684,0.008132581644929523
intifadas,0.0011494252873563218,1,7.075346031088684,0.008132581644929523
keith,0.0011494252873563218,1,7.075346031088684,0.008132581644929523
mini,0.0011494252873563218,1,7.075346031088684,0.008132581644929523
positioned,0.0011494252873563218,1,7.075346031088684,0.008132581644929523
radical,0.0034482758620689655,3,6.382198850528739,0.02200758224320255
riots,0.004597701149425287,4,6.159055299214529,0.028317495628572546
semitic,0.0011494252873563218,1,7.075346031088684,0.008132581644929523
themselves,0.004597701149425287,4,6.159055299214529,0.028317495628572546
angflo,0.0011494252873563218,1,7.075346031088684,0.008132581644929523
arquettegene,0.0011494252873563218,1,7.075346031088684,0.008132581644929523
bowieleonard,0.0011494252873563218,1,7.075346031088684,0.008132581644929523
burnsdavid,0.0011494252873563218,1,7.075346031088684,0.008132581644929523
cohenalexis,0.0011494252873563218,1,7.075346031088684,0.008132581644929523
etc,0.0034482758620689655,3,6.382198850528739,0.02200758224320255
grimmieprincechynabig,0.0011494252873563218,1,7.075346031088684,0.008132581644929523
henderson,0.0011494252873563218,1,7.075346031088684,0.008132581644929523
pete,0.0011494252873563218,1,7.075346031088684,0.008132581644929523
rip,0.0011494252873563218,1,7.075346031088684,0.008132581644929523
wilderchristina,0.0011494252873563218,1,7.075346031088684,0.008132581644929523
cardio,0.0011494252873563218,1,7.075346031088684,0.008132581644929523
doyoueven,0.0011494252873563218,1,7.075346031088684,0.008132581644929523
headed,0.0011494252873563218,1,7.075346031088684,0.008132581644929523
looking,0.005747126436781609,5,5.976733742420574,0.034349044496669964
saint,0.0011494252873563218,1,7.075346031088684,0.008132581644929523
shut,0.0011494252873563218,1,7.075346031088684,0.008132581644929523
aipac,0.0022988505747126436,1,7.075346031088684,0.016265163289859046
control,0.01264367816091954,11,5.283586561860629,0.0668039680235252
cynthia,0.0011494252873563218,1,7.075346031088684,0.008132581644929523
lobby,0.0011494252873563218,1,7.075346031088684,0.008132581644929523
mckinney,0.0011494252873563218,1,7.075346031088684,0.008132581644929523
total,0.0022988505747126436,2,6.66988092298052,0.015333059593058666
dayafterthanksgiving,0.0022988505747126436,2,6.66988092298052,0.015333059593058666
hope,0.010344827586206896,8,5.5712686343124105,0.057633813458404244
itsfriday,0.0011494252873563218,1,7.075346031088684,0.008132581644929523
wonderful,0.0034482758620689655,3,6.382198850528739,0.02200758224320255
figure,0.0011494252873563218,1,7.075346031088684,0.008132581644929523
mocked,0.0011494252873563218,1,7.075346031088684,0.008132581644929523
public,0.0034482758620689655,3,6.382198850528739,0.02200758224320255
sayin,0.0022988505747126436,2,6.66988092298052,0.015333059593058666
spouse,0.0011494252873563218,1,7.075346031088684,0.008132581644929523
write,0.0011494252873563218,1,7.075346031088684,0.008132581644929523
breaking,0.0011494252873563218,1,7.075346031088684,0.008132581644929523
fault,0.0022988505747126436,2,6.66988092298052,0.015333059593058666
fox,0.0011494252873563218,1,7.075346031088684,0.008132581644929523
wtf,0.0034482758620689655,3,6.382198850528739,0.02200758224320255
automated,0.0011494252873563218,1,7.075346031088684,0.008132581644929523
forex,0.0011494252873563218,1,7.075346031088684,0.008132581644929523
fully,0.0011494252873563218,1,7.075346031088684,0.008132581644929523
off,0.006896551724137931,6,5.822583062593316,0.04015574525926425
signa,0.0011494252873563218,1,7.075346031088684,0.008132581644929523
systems,0.0011494252873563218,1,7.075346031088684,0.008132581644929523
trade,0.0022988505747126436,2,6.66988092298052,0.015333059593058666
trading,0.0011494252873563218,1,7.075346031088684,0.008132581644929523
brutality,0.0011494252873563218,1,7.075346031088684,0.008132581644929523
immune,0.0011494252873563218,1,7.075346031088684,0.008132581644929523
israeli,0.0022988505747126436,2,6.66988092298052,0.015333059593058666
jerusalem,0.008045977011494253,7,5.689051669968793,0.045773978953771895
justice,0.0022988505747126436,2,6.66988092298052,0.015333059593058666
palestinian,0.0011494252873563218,1,7.075346031088684,0.008132581644929523
david,0.011494252873563218,10,5.370597938850259,0.06173101079138229
nvm,0.0011494252873563218,1,7.075346031088684,0.008132581644929523
reason,0.004597701149425287,4,6.159055299214529,0.028317495628572546
ross,0.0011494252873563218,1,7.075346031088684,0.008132581644929523
someone,0.004597701149425287,4,6.159055299214529,0.028317495628572546
sure,0.009195402298850575,8,5.5712686343124105,0.05123005640747044
verlander,0.008045977011494253,7,5.689051669968793,0.045773978953771895
blessings,0.0022988505747126436,2,6.66988092298052,0.015333059593058666
shabbat,0.0022988505747126436,2,6.66988092298052,0.015333059593058666
shalom,0.0022988505747126436,2,6.66988092298052,0.015333059593058666
gallery,0.0011494252873563218,1,7.075346031088684,0.008132581644929523
mac,0.0011494252873563218,1,7.075346031088684,0.008132581644929523
throat,0.0011494252873563218,1,7.075346031088684,0.008132581644929523
discussing,0.0011494252873563218,1,7.075346031088684,0.008132581644929523
faith,0.0011494252873563218,1,7.075346031088684,0.008132581644929523
radio,0.0022988505747126436,2,6.66988092298052,0.015333059593058666
efronception,0.0011494252873563218,1,7.075346031088684,0.008132581644929523
picture,0.0034482758620689655,3,6.382198850528739,0.02200758224320255
took,0.005747126436781609,5,5.976733742420574,0.034349044496669964
asf,0.0011494252873563218,1,7.075346031088684,0.008132581644929523
sick,0.0022988505747126436,2,6.66988092298052,0.015333059593058666
turnt,0.0011494252873563218,1,7.075346031088684,0.008132581644929523
wake,0.0022988505747126436,2,6.66988092298052,0.015333059593058666
acting,0.0022988505747126436,2,6.66988092298052,0.015333059593058666
angryarab,0.0011494252873563218,1,7.075346031088684,0.008132581644929523
chomsky,0.0011494252873563218,1,7.075346031088684,0.008132581644929523
leftists,0.010344827586206896,9,5.465908118654584,0.05654387708953017
bit,0.0034482758620689655,3,6.382198850528739,0.02200758224320255
concede,0.0011494252873563218,1,7.075346031088684,0.008132581644929523
gore,0.0011494252873563218,1,7.075346031088684,0.008132581644929523
rushing,0.0011494252873563218,1,7.075346031088684,0.008132581644929523
same,0.01264367816091954,11,5.283586561860629,0.0668039680235252
thought,0.006896551724137931,6,5.822583062593316,0.04015574525926425
told,0.0011494252873563218,1,7.075346031088684,0.008132581644929523
barrontrump,0.0011494252873563218,1,7.075346031088684,0.008132581644929523
january,0.0022988505747126436,2,6.66988092298052,0.015333059593058666
melaniatrump,0.0011494252873563218,1,7.075346031088684,0.008132581644929523
moving,0.0034482758620689655,3,6.382198850528739,0.02200758224320255
whitehouse,0.0011494252873563218,1,7.075346031088684,0.008132581644929523
parliamentary,0.0011494252873563218,1,7.075346031088684,0.008132581644929523
resignation,0.0011494252873563218,1,7.075346031088684,0.008132581644929523
start,0.004597701149425287,4,6.159055299214529,0.028317495628572546
ukrainian,0.0034482758620689655,3,6.382198850528739,0.02200758224320255
darlena,0.0011494252873563218,1,7.075346031088684,0.008132581644929523
loved,0.004597701149425287,4,6.159055299214529,0.028317495628572546
made,0.009195402298850575,8,5.5712686343124105,0.05123005640747044
piece,0.0034482758620689655,3,6.382198850528739,0.02200758224320255
details,0.0011494252873563218,1,7.075346031088684,0.008132581644929523
into,0.006896551724137931,6,5.822583062593316,0.04015574525926425
later,0.0022988505747126436,2,6.66988092298052,0.015333059593058666
liberals,0.013793103448275862,12,5.203543854187092,0.07177301867844264
money,0.009195402298850575,8,5.5712686343124105,0.05123005640747044
presidency,0.0022988505747126436,2,6.66988092298052,0.015333059593058666
send,0.004597701149425287,4,6.159055299214529,0.028317495628572546
try,0.004597701149425287,4,6.159055299214529,0.028317495628572546
drivers,0.0011494252873563218,1,7.075346031088684,0.008132581644929523
extra,0.0011494252873563218,1,7.075346031088684,0.008132581644929523
gas,0.0011494252873563218,1,7.075346031088684,0.008132581644929523
lbvs,0.0011494252873563218,1,7.075346031088684,0.008132581644929523
link,0.0034482758620689655,3,6.382198850528739,0.02200758224320255
stations,0.0011494252873563218,1,7.075346031088684,0.008132581644929523
uber,0.006896551724137931,5,5.976733742420574,0.04121885339600396
use,0.008045977011494253,7,5.689051669968793,0.045773978953771895
americans,0.004597701149425287,4,6.159055299214529,0.028317495628572546
fellow,0.0022988505747126436,2,6.66988092298052,0.015333059593058666
native,0.0034482758620689655,3,6.382198850528739,0.02200758224320255
condoning,0.0011494252873563218,1,7.075346031088684,0.008132581644929523
face,0.006896551724137931,6,5.822583062593316,0.04015574525926425
ingredients,0.0011494252873563218,1,7.075346031088684,0.008132581644929523
make,0.01264367816091954,11,5.283586561860629,0.0668039680235252
putting,0.0022988505747126436,2,6.66988092298052,0.015333059593058666
achieve,0.0022988505747126436,2,6.66988092298052,0.015333059593058666
action,0.004597701149425287,4,6.159055299214529,0.028317495628572546
opt,0.0022988505747126436,1,7.075346031088684,0.016265163289859046
oregon,0.0011494252873563218,1,7.075346031088684,0.008132581644929523
participation,0.0022988505747126436,2,6.66988092298052,0.015333059593058666
rates,0.0022988505747126436,2,6.66988092298052,0.015333059593058666
science,0.0022988505747126436,2,6.66988092298052,0.015333059593058666
social,0.011494252873563218,10,5.370597938850259,0.06173101079138229
study,0.0011494252873563218,1,7.075346031088684,0.008132581644929523
antonio,0.0011494252873563218,1,7.075346031088684,0.008132581644929523
avery,0.0011494252873563218,1,7.075346031088684,0.008132581644929523
card,0.0034482758620689655,3,6.382198850528739,0.02200758224320255
ginobili,0.0011494252873563218,1,7.075346031088684,0.008132581644929523
gospursgo,0.004597701149425287,4,6.159055299214529,0.028317495628572546
johnson,0.0011494252873563218,1,7.075346031088684,0.008132581644929523
lot,0.009195402298850575,8,5.5712686343124105,0.05123005640747044
manu,0.0011494252873563218,1,7.075346031088684,0.008132581644929523
robinson,0.0011494252873563218,1,7.075346031088684,0.008132581644929523
san,0.0022988505747126436,2,6.66988092298052,0.015333059593058666
spurs,0.008045977011494253,4,6.159055299214529,0.04955561735000196
timduncan,0.004597701149425287,4,6.159055299214529,0.028317495628572546
admin,0.006896551724137931,6,5.822583062593316,0.04015574525926425
budget,0.0011494252873563218,1,7.075346031088684,0.008132581644929523
cut,0.0022988505747126436,2,6.66988092298052,0.015333059593058666
dt,0.0011494252873563218,1,7.075346031088684,0.008132581644929523
grateful,0.0022988505747126436,2,6.66988092298052,0.015333059593058666
home,0.004597701149425287,4,6.159055299214529,0.028317495628572546
likely,0.0011494252873563218,1,7.075346031088684,0.008132581644929523
put,0.004597701149425287,4,6.159055299214529,0.028317495628572546
shld,0.0011494252873563218,1,7.075346031088684,0.008132581644929523
release,0.0011494252873563218,1,7.075346031088684,0.008132581644929523
until,0.0011494252873563218,1,7.075346031088684,0.008132581644929523
adorable,0.0011494252873563218,1,7.075346031088684,0.008132581644929523
eddie,0.0022988505747126436,2,6.66988092298052,0.015333059593058666
redmayne,0.0022988505747126436,2,6.66988092298052,0.015333059593058666
tonight,0.004597701149425287,4,6.159055299214529,0.028317495628572546
physicians,0.0011494252873563218,1,7.075346031088684,0.008132581644929523
responds,0.0022988505747126436,2,6.66988092298052,0.015333059593058666
ussr,0.0011494252873563218,1,7.075346031088684,0.008132581644929523
availablity,0.0011494252873563218,1,7.075346031088684,0.008132581644929523
bihar,0.0011494252873563218,1,7.075346031088684,0.008132581644929523
child,0.0011494252873563218,1,7.075346031088684,0.008132581644929523
hospital,0.0011494252873563218,1,7.075346031088684,0.008132581644929523
jamui,0.0011494252873563218,1,7.075346031088684,0.008132581644929523
non,0.006896551724137931,5,5.976733742420574,0.04121885339600396
vaccines,0.009195402298850575,8,5.5712686343124105,0.05123005640747044
respected,0.0011494252873563218,1,7.075346031088684,0.008132581644929523
cronies,0.0011494252873563218,1,7.075346031088684,0.008132581644929523
disaster,0.0011494252873563218,1,7.075346031088684,0.008132581644929523
dwellers,0.0011494252873563218,1,7.075346031088684,0.008132581644929523
maga,0.010344827586206896,9,5.465908118654584,0.05654387708953017
swamp,0.0011494252873563218,1,7.075346031088684,0.008132581644929523
taken,0.0034482758620689655,3,6.382198850528739,0.02200758224320255
utter,0.0011494252873563218,1,7.075346031088684,0.008132581644929523
sign,0.005747126436781609,4,6.159055299214529,0.035396869535715685
fire,0.006896551724137931,6,5.822583062593316,0.04015574525926425
morning,0.0022988505747126436,2,6.66988092298052,0.015333059593058666
quiet,0.0011494252873563218,1,7.075346031088684,0.008132581644929523
sitting,0.0011494252873563218,1,7.075346031088684,0.008132581644929523
yes,0.011494252873563218,10,5.370597938850259,0.06173101079138229
shruggers,0.0011494252873563218,1,7.075346031088684,0.008132581644929523
supremacists,0.01264367816091954,11,5.283586561860629,0.0668039680235252
white,0.017241379310344827,15,4.995904489408848,0.08613628430015256
biatch,0.0011494252873563218,1,7.075346031088684,0.008132581644929523
coz,0.0011494252873563218,1,7.075346031088684,0.008132581644929523
emily,0.005747126436781609,4,6.159055299214529,0.035396869535715685
gilmoregirlstop,0.005747126436781609,5,5.976733742420574,0.034349044496669964
kirk,0.004597701149425287,4,6.159055299214529,0.028317495628572546
michel,0.0022988505747126436,2,6.66988092298052,0.015333059593058666
quirky,0.0011494252873563218,1,7.075346031088684,0.008132581644929523
such,0.005747126436781609,5,5.976733742420574,0.034349044496669964
tj,0.0011494252873563218,1,7.075346031088684,0.008132581644929523
background,0.0011494252873563218,1,7.075346031088684,0.008132581644929523
breasts,0.0011494252873563218,1,7.075346031088684,0.008132581644929523
clapping,0.0011494252873563218,1,7.075346031088684,0.008132581644929523
singers,0.0011494252873563218,1,7.075346031088684,0.008132581644929523
bounds,0.0011494252873563218,1,7.075346031088684,0.008132581644929523
george,0.006896551724137931,6,5.822583062593316,0.04015574525926425
insecurity,0.0011494252873563218,1,7.075346031088684,0.008132581644929523
knows,0.0022988505747126436,2,6.66988092298052,0.015333059593058666
now,0.026436781609195402,23,4.590439381300683,0.12135644341369622
o,0.004597701149425287,4,6.159055299214529,0.028317495628572546
rid,0.004597701149425287,4,6.159055299214529,0.028317495628572546
soros,0.006896551724137931,5,5.976733742420574,0.04121885339600396
ss,0.0022988505747126436,2,6.66988092298052,0.015333059593058666
trumps,0.0034482758620689655,3,6.382198850528739,0.02200758224320255
authors,0.0011494252873563218,1,7.075346031088684,0.008132581644929523
calreid,0.0011494252873563218,1,7.075346031088684,0.008132581644929523
literature,0.0011494252873563218,1,7.075346031088684,0.008132581644929523
miamibookfair,0.0022988505747126436,2,6.66988092298052,0.015333059593058666
opens,0.0034482758620689655,3,6.382198850528739,0.02200758224320255
panel,0.0011494252873563218,1,7.075346031088684,0.008132581644929523
points,0.004597701149425287,4,6.159055299214529,0.028317495628572546
vs,0.004597701149425287,4,6.159055299214529,0.028317495628572546
identitarians,0.0011494252873563218,1,7.075346031088684,0.008132581644929523
supreme,0.0022988505747126436,2,6.66988092298052,0.015333059593058666
whites,0.0011494252873563218,1,7.075346031088684,0.008132581644929523
https,0.017241379310344827,15,4.995904489408848,0.08613628430015256
notpp,0.0011494252873563218,1,7.075346031088684,0.008132581644929523
stoptpp,0.0011494252873563218,1,7.075346031088684,0.008132581644929523
sve,0.0011494252873563218,1,7.075346031088684,0.008132581644929523
tpp,0.004597701149425287,4,6.159055299214529,0.028317495628572546
vd,0.0011494252873563218,1,7.075346031088684,0.008132581644929523
appealing,0.0011494252873563218,1,7.075346031088684,0.008132581644929523
aspect,0.0011494252873563218,1,7.075346031088684,0.008132581644929523
surely,0.0011494252873563218,1,7.075346031088684,0.008132581644929523
conspired,0.0011494252873563218,1,7.075346031088684,0.008132581644929523
estate,0.0011494252873563218,1,7.075346031088684,0.008132581644929523
failure,0.0022988505747126436,2,6.66988092298052,0.015333059593058666
major,0.0022988505747126436,2,6.66988092298052,0.015333059593058666
russia,0.006896551724137931,6,5.822583062593316,0.04015574525926425
steal,0.0011494252873563218,1,7.075346031088684,0.008132581644929523
bigger,0.0011494252873563218,1,7.075346031088684,0.008132581644929523
help,0.010344827586206896,9,5.465908118654584,0.05654387708953017
least,0.0011494252873563218,1,7.075346031088684,0.008132581644929523
less,0.0011494252873563218,1,7.075346031088684,0.008132581644929523
prevent,0.0034482758620689655,3,6.382198850528739,0.02200758224320255
victory,0.005747126436781609,5,5.976733742420574,0.034349044496669964
arthritis,0.0011494252873563218,1,7.075346031088684,0.008132581644929523
eases,0.0011494252873563218,1,7.075346031088684,0.008132581644929523
learn,0.0011494252873563218,1,7.075346031088684,0.008132581644929523
suffering,0.0011494252873563218,1,7.075346031088684,0.008132581644929523
cheat,0.0011494252873563218,1,7.075346031088684,0.008132581644929523
diet,0.004597701149425287,3,6.382198850528739,0.02934344299093673
dumb,0.0034482758620689655,3,6.382198850528739,0.02200758224320255
lifestyle,0.0011494252873563218,1,7.075346031088684,0.008132581644929523
referring,0.0011494252873563218,1,7.075346031088684,0.008132581644929523
treat,0.0011494252873563218,1,7.075346031088684,0.008132581644929523
vegetarian,0.0011494252873563218,1,7.075346031088684,0.008132581644929523
defense,0.0011494252873563218,1,7.075346031088684,0.008132581644929523
jimwebbusa,0.0011494252873563218,1,7.075346031088684,0.008132581644929523
secretary,0.0011494252873563218,1,7.075346031088684,0.008132581644929523
zwx,0.0011494252873563218,1,7.075346031088684,0.008132581644929523
zy,0.0011494252873563218,1,7.075346031088684,0.008132581644929523
photos,0.0022988505747126436,2,6.66988092298052,0.015333059593058666
rich,0.0034482758620689655,3,6.382198850528739,0.02200758224320255
stunning,0.0011494252873563218,1,7.075346031088684,0.008132581644929523
appointment,0.0034482758620689655,3,6.382198850528739,0.02200758224320255
enemies,0.0034482758620689655,3,6.382198850528739,0.02200758224320255
jitso,0.0011494252873563218,1,7.075346031088684,0.008132581644929523
ju,0.0011494252873563218,1,7.075346031088684,0.008132581644929523
nikkihaley,0.0011494252873563218,1,7.075346031088684,0.008132581644929523
part,0.006896551724137931,6,5.822583062593316,0.04015574525926425
political,0.004597701149425287,4,6.159055299214529,0.028317495628572546
positions,0.0011494252873563218,1,7.075346031088684,0.008132581644929523
rewarding,0.0011494252873563218,1,7.075346031088684,0.008132581644929523
unitednations,0.0022988505747126436,2,6.66988092298052,0.015333059593058666
worthless,0.0011494252873563218,1,7.075346031088684,0.008132581644929523
grind,0.0011494252873563218,1,7.075346031088684,0.008132581644929523
match,0.0011494252873563218,1,7.075346031088684,0.008132581644929523
already,0.010344827586206896,8,5.5712686343124105,0.057633813458404244
anxious,0.0011494252873563218,1,7.075346031088684,0.008132581644929523
beyond,0.0011494252873563218,1,7.075346031088684,0.008132581644929523
giving,0.0034482758620689655,3,6.382198850528739,0.02200758224320255
grieving,0.0011494252873563218,1,7.075346031088684,0.008132581644929523
mess,0.0011494252873563218,1,7.075346031088684,0.008132581644929523
moment,0.004597701149425287,4,6.159055299214529,0.028317495628572546
blaine,0.008045977011494253,7,5.689051669968793,0.045773978953771895
hours,0.0022988505747126436,2,6.66988092298052,0.015333059593058666
ridiculous,0.0034482758620689655,3,6.382198850528739,0.02200758224320255
spent,0.0022988505747126436,2,6.66988092298052,0.015333059593058666
videos,0.0011494252873563218,1,7.075346031088684,0.008132581644929523
youtube,0.0022988505747126436,2,6.66988092298052,0.015333059593058666
allied,0.0011494252873563218,1,7.075346031088684,0.008132581644929523
funded,0.0011494252873563218,1,7.075346031088684,0.008132581644929523
hospitals,0.0011494252873563218,1,7.075346031088684,0.008132581644929523
houthi,0.0011494252873563218,1,7.075346031088684,0.008132581644929523
iz,0.0011494252873563218,1,7.075346031088684,0.008132581644929523
saudi,0.0022988505747126436,2,6.66988092298052,0.015333059593058666
ta,0.0011494252873563218,1,7.075346031088684,0.008132581644929523
terrorised,0.0011494252873563218,1,7.075346031088684,0.008132581644929523
yemen,0.0034482758620689655,3,6.382198850528739,0.02200758224320255
auto,0.0011494252873563218,1,7.075346031088684,0.008132581644929523
nips,0.0011494252873563218,1,7.075346031088684,0.008132581644929523
pickup,0.0011494252873563218,1,7.075346031088684,0.008132581644929523
porcello,0.0011494252873563218,1,7.075346031088684,0.008132581644929523
romps,0.0011494252873563218,1,7.075346031088684,0.008132581644929523
scherzer,0.0022988505747126436,2,6.66988092298052,0.015333059593058666
wikyou,0.0011494252873563218,1,7.075346031088684,0.008132581644929523
existing,0.0011494252873563218,1,7.075346031088684,0.008132581644929523
internet,0.0022988505747126436,2,6.66988092298052,0.015333059593058666
still,0.01264367816091954,11,5.283586561860629,0.0668039680235252
unsafe,0.0011494252873563218,1,7.075346031088684,0.008132581644929523
parts,0.0011494252873563218,1,7.075346031088684,0.008132581644929523
similar,0.0011494252873563218,1,7.075346031088684,0.008132581644929523
struck,0.0011494252873563218,1,7.075346031088684,0.008132581644929523
arrow,0.0011494252873563218,1,7.075346031088684,0.008132581644929523
flash,0.0011494252873563218,1,7.075346031088684,0.008132581644929523
lucifer,0.0011494252873563218,1,7.075346031088684,0.008132581644929523
missed,0.0011494252873563218,1,7.075346031088684,0.008132581644929523
supernatural,0.0022988505747126436,2,6.66988092298052,0.015333059593058666
thebigbangtheory,0.0011494252873563218,1,7.075346031088684,0.008132581644929523
clem,0.0011494252873563218,1,7.075346031088684,0.008132581644929523
granddad,0.0011494252873563218,1,7.075346031088684,0.008132581644929523
harping,0.0011494252873563218,1,7.075346031088684,0.008132581644929523
kept,0.0022988505747126436,2,6.66988092298052,0.015333059593058666
killing,0.0034482758620689655,3,6.382198850528739,0.02200758224320255
normandy,0.0011494252873563218,1,7.075346031088684,0.008132581644929523
privilege,0.0011494252873563218,1,7.075346031088684,0.008132581644929523
proto,0.0011494252873563218,1,7.075346031088684,0.008132581644929523
image,0.005747126436781609,5,5.976733742420574,0.034349044496669964
official,0.0022988505747126436,2,6.66988092298052,0.015333059593058666
rogen,0.0022988505747126436,2,6.66988092298052,0.015333059593058666
seth,0.0022988505747126436,2,6.66988092298052,0.015333059593058666
starring,0.0011494252873563218,1,7.075346031088684,0.008132581644929523
ohio,0.0011494252873563218,1,7.075346031088684,0.008132581644929523
weekend,0.004597701149425287,4,6.159055299214529,0.028317495628572546
anymore,0.0011494252873563218,1,7.075346031088684,0.008132581644929523
casey,0.0022988505747126436,2,6.66988092298052,0.015333059593058666
eric,0.0011494252873563218,1,7.075346031088684,0.008132581644929523
jessica,0.0011494252873563218,1,7.075346031088684,0.008132581644929523
living,0.0022988505747126436,2,6.66988092298052,0.015333059593058666
worth,0.0022988505747126436,2,6.66988092298052,0.015333059593058666
l,0.0022988505747126436,2,6.66988092298052,0.015333059593058666
oreal,0.0011494252873563218,1,7.075346031088684,0.008132581644929523
printing,0.006896551724137931,6,5.822583062593316,0.04015574525926425
skin,0.0022988505747126436,2,6.66988092298052,0.015333059593058666
cannolis,0.0011494252873563218,1,7.075346031088684,0.008132581644929523
cats,0.0011494252873563218,1,7.075346031088684,0.008132581644929523
fam,0.0011494252873563218,1,7.075346031088684,0.008132581644929523
happyturkeyday,0.0011494252873563218,1,7.075346031088684,0.008132581644929523
slores,0.0011494252873563218,1,7.075346031088684,0.008132581644929523
thankful,0.005747126436781609,5,5.976733742420574,0.034349044496669964
tswift,0.0011494252873563218,1,7.075346031088684,0.008132581644929523
wine,0.0011494252873563218,1,7.075346031088684,0.008132581644929523
brown,0.004597701149425287,4,6.159055299214529,0.028317495628572546
disenfranchise,0.0011494252873563218,1,7.075346031088684,0.008132581644929523
massive,0.0022988505747126436,2,6.66988092298052,0.015333059593058666
nothing,0.006896551724137931,6,5.822583062593316,0.04015574525926425
voters,0.004597701149425287,4,6.159055299214529,0.028317495628572546
associated,0.0022988505747126436,2,6.66988092298052,0.015333059593058666
costs,0.0011494252873563218,1,7.075346031088684,0.008132581644929523
huge,0.0022988505747126436,2,6.66988092298052,0.015333059593058666
pres,0.0022988505747126436,2,6.66988092298052,0.015333059593058666
toll,0.0011494252873563218,1,7.075346031088684,0.008132581644929523
yrs,0.0022988505747126436,2,6.66988092298052,0.015333059593058666
conamaraviews,0.0011494252873563218,1,7.075346031088684,0.008132581644929523
movie,0.005747126436781609,5,5.976733742420574,0.034349044496669964
qpr,0.0011494252873563218,1,7.075346031088684,0.008132581644929523
sensitive,0.0011494252873563218,1,7.075346031088684,0.008132581644929523
fake,0.0022988505747126436,2,6.66988092298052,0.015333059593058666
finger,0.0011494252873563218,1,7.075346031088684,0.008132581644929523
gain,0.0011494252873563218,1,7.075346031088684,0.008132581644929523
hypocrites,0.0011494252873563218,1,7.075346031088684,0.008132581644929523
others,0.004597701149425287,4,6.159055299214529,0.028317495628572546
point,0.004597701149425287,4,6.159055299214529,0.028317495628572546
arkansas,0.0011494252873563218,1,7.075346031088684,0.008132581644929523
bills,0.0034482758620689655,3,6.382198850528739,0.02200758224320255
file,0.0011494252873563218,1,7.075346031088684,0.008132581644929523
lawmakers,0.0011494252873563218,1,7.075346031088684,0.008132581644929523
scholarships,0.0011494252873563218,1,7.075346031088684,0.008132581644929523
taxes,0.0011494252873563218,1,7.075346031088684,0.008132581644929523
dose,0.0011494252873563218,1,7.075346031088684,0.008132581644929523
marvel,0.0011494252873563218,1,7.075346031088684,0.008132581644929523
any,0.006896551724137931,6,5.822583062593316,0.04015574525926425
greens,0.0011494252873563218,1,7.075346031088684,0.008132581644929523
important,0.005747126436781609,5,5.976733742420574,0.034349044496669964
labour,0.0011494252873563218,1,7.075346031088684,0.008132581644929523
legacy,0.0011494252873563218,1,7.075346031088684,0.008132581644929523
years,0.008045977011494253,7,5.689051669968793,0.045773978953771895
finesse,0.0011494252873563218,1,7.075346031088684,0.008132581644929523
shoes,0.0011494252873563218,1,7.075346031088684,0.008132581644929523
art,0.0034482758620689655,3,6.382198850528739,0.02200758224320255
culture,0.0011494252873563218,1,7.075346031088684,0.008132581644929523
kansas,0.0022988505747126436,2,6.66988092298052,0.015333059593058666
lawrence,0.0011494252873563218,1,7.075346031088684,0.008132581644929523
music,0.004597701149425287,4,6.159055299214529,0.028317495628572546
poetry,0.0011494252873563218,1,7.075346031088684,0.008132581644929523
auspol,0.0011494252873563218,1,7.075346031088684,0.008132581644929523
benefits,0.0011494252873563218,1,7.075346031088684,0.008132581644929523
check,0.0022988505747126436,2,6.66988092298052,0.015333059593058666
driving,0.005747126436781609,5,5.976733742420574,0.034349044496669964
making,0.004597701149425287,4,6.159055299214529,0.028317495628572546
mass,0.0011494252873563218,1,7.075346031088684,0.008132581644929523
outs,0.0011494252873563218,1,7.075346031088684,0.008132581644929523
serve,0.0011494252873563218,1,7.075346031088684,0.008132581644929523
unemployment,0.0011494252873563218,1,7.075346031088684,0.008132581644929523
feeling,0.0022988505747126436,2,6.66988092298052,0.015333059593058666
key,0.004597701149425287,3,6.382198850528739,0.02934344299093673
low,0.0034482758620689655,3,6.382198850528739,0.02200758224320255
trash,0.0011494252873563218,1,7.075346031088684,0.008132581644929523
veganism,0.0034482758620689655,3,6.382198850528739,0.02200758224320255
wanting,0.0011494252873563218,1,7.075346031088684,0.008132581644929523
ac,0.0011494252873563218,1,7.075346031088684,0.008132581644929523
accept,0.0034482758620689655,3,6.382198850528739,0.02200758224320255
burton,0.0011494252873563218,1,7.075346031088684,0.008132581644929523
castro,0.004597701149425287,4,6.159055299214529,0.028317495628572546
head,0.005747126436781609,5,5.976733742420574,0.034349044496669964
puppy,0.0011494252873563218,1,7.075346031088684,0.008132581644929523
busted,0.0011494252873563218,1,7.075346031088684,0.008132581644929523
nov,0.0011494252873563218,1,7.075346031088684,0.008132581644929523
protests,0.004597701149425287,4,6.159055299214529,0.028317495628572546
sponsors,0.0011494252873563218,1,7.075346031088684,0.008132581644929523
wikileaks,0.0022988505747126436,2,6.66988092298052,0.015333059593058666
alternative,0.0011494252873563218,1,7.075346031088684,0.008132581644929523
matrix,0.0011494252873563218,1,7.075346031088684,0.008132581644929523
memorandum,0.0011494252873563218,1,7.075346031088684,0.008132581644929523
national,0.0022988505747126436,2,6.66988092298052,0.015333059593058666
number,0.0034482758620689655,3,6.382198850528739,0.02200758224320255
kinda,0.0034482758620689655,3,6.382198850528739,0.02200758224320255
night,0.005747126436781609,4,6.159055299214529,0.035396869535715685
failing,0.0011494252873563218,1,7.075346031088684,0.008132581644929523
italy,0.0022988505747126436,2,6.66988092298052,0.015333059593058666
liberalism,0.0011494252873563218,1,7.075346031088684,0.008132581644929523
progressives,0.0011494252873563218,1,7.075346031088684,0.008132581644929523
worldwide,0.0011494252873563218,1,7.075346031088684,0.008132581644929523
fightfor,0.0011494252873563218,1,7.075346031088684,0.008132581644929523
ibelieveingini,0.0011494252873563218,1,7.075346031088684,0.008132581644929523
incomeequality,0.0011494252873563218,1,7.075346031088684,0.008132581644929523
keep,0.008045977011494253,7,5.689051669968793,0.045773978953771895
pushing,0.004597701149425287,4,6.159055299214529,0.028317495628572546
blackfridaytactics,0.0011494252873563218,1,7.075346031088684,0.008132581644929523
itself,0.0011494252873563218,1,7.075346031088684,0.008132581644929523
turkey,0.004597701149425287,4,6.159055299214529,0.028317495628572546
bowl,0.0011494252873563218,1,7.075346031088684,0.008132581644929523
super,0.0022988505747126436,2,6.66988092298052,0.015333059593058666
wins,0.0022988505747126436,2,6.66988092298052,0.015333059593058666
champions,0.0022988505747126436,2,6.66988092298052,0.015333059593058666
chicago,0.0011494252873563218,1,7.075346031088684,0.008132581644929523
cubs,0.005747126436781609,5,5.976733742420574,0.034349044496669964
highlights,0.0022988505747126436,2,6.66988092298052,0.015333059593058666
backstabbing,0.0011494252873563218,1,7.075346031088684,0.008132581644929523
commie,0.0011494252873563218,1,7.075346031088684,0.008132581644929523
liars,0.0011494252873563218,1,7.075346031088684,0.008132581644929523
usa,0.0022988505747126436,2,6.66988092298052,0.015333059593058666
dreams,0.0022988505747126436,2,6.66988092298052,0.015333059593058666
sell,0.0022988505747126436,2,6.66988092298052,0.015333059593058666
waking,0.0011494252873563218,1,7.075346031088684,0.008132581644929523
de,0.0034482758620689655,2,6.66988092298052,0.022999589389588
lalienmexico,0.0011494252873563218,1,7.075346031088684,0.008132581644929523
laliespos,0.0011494252873563218,1,7.075346031088684,0.008132581644929523
martin,0.0011494252873563218,1,7.075346031088684,0.008132581644929523
opening,0.0011494252873563218,1,7.075346031088684,0.008132581644929523
ricky,0.0022988505747126436,2,6.66988092298052,0.015333059593058666
hear,0.0034482758620689655,3,6.382198850528739,0.02200758224320255
info,0.0022988505747126436,2,6.66988092298052,0.015333059593058666
please,0.01264367816091954,10,5.370597938850259,0.06790411187052052
yet,0.006896551724137931,6,5.822583062593316,0.04015574525926425
direction,0.0022988505747126436,2,6.66988092298052,0.015333059593058666
end,0.004597701149425287,4,6.159055299214529,0.028317495628572546
negan,0.0011494252873563218,1,7.075346031088684,0.008132581644929523
peace,0.0011494252873563218,1,7.075346031088684,0.008132581644929523
producers,0.0011494252873563218,1,7.075346031088684,0.008132581644929523
show,0.0034482758620689655,3,6.382198850528739,0.02200758224320255
writers,0.0011494252873563218,1,7.075346031088684,0.008132581644929523
election,0.010344827586206896,9,5.465908118654584,0.05654387708953017
facts,0.0011494252873563218,1,7.075346031088684,0.008132581644929523
honest,0.0022988505747126436,2,6.66988092298052,0.015333059593058666
islamization,0.0011494252873563218,1,7.075346031088684,0.008132581644929523
provider,0.0011494252873563218,1,7.075346031088684,0.008132581644929523
thank,0.01264367816091954,11,5.283586561860629,0.0668039680235252
absolutely,0.0022988505747126436,2,6.66988092298052,0.015333059593058666
democrats,0.0022988505747126436,2,6.66988092298052,0.015333059593058666
faux,0.0011494252873563218,1,7.075346031088684,0.008132581644929523
media,0.010344827586206896,8,5.5712686343124105,0.057633813458404244
pathetic,0.0011494252873563218,1,7.075346031088684,0.008132581644929523
pocket,0.0011494252873563218,1,7.075346031088684,0.008132581644929523
reporters,0.0011494252873563218,1,7.075346031088684,0.008132581644929523
drugs,0.0011494252873563218,1,7.075346031088684,0.008132581644929523
maintenance,0.0011494252873563218,1,7.075346031088684,0.008132581644929523
test,0.0011494252873563218,1,7.075346031088684,0.008132581644929523
auditthevote,0.004597701149425287,4,6.159055299214529,0.028317495628572546
donated,0.0011494252873563218,1,7.075346031088684,0.008132581644929523
attack,0.005747126436781609,5,5.976733742420574,0.034349044496669964
hypocrite,0.0011494252873563218,1,7.075346031088684,0.008132581644929523
locker,0.0022988505747126436,2,6.66988092298052,0.015333059593058666
ontrump,0.0011494252873563218,1,7.075346031088684,0.008132581644929523
room,0.0011494252873563218,1,7.075346031088684,0.008132581644929523
sexy,0.0022988505747126436,2,6.66988092298052,0.015333059593058666
talk,0.0011494252873563218,1,7.075346031088684,0.008132581644929523
tweet,0.0011494252873563218,1,7.075346031088684,0.008132581644929523
france,0.0034482758620689655,3,6.382198850528739,0.02200758224320255
le,0.005747126436781609,5,5.976733742420574,0.034349044496669964
marchieren,0.0011494252873563218,1,7.075346031088684,0.008132581644929523
marine,0.005747126436781609,5,5.976733742420574,0.034349044496669964
parallel,0.0022988505747126436,2,6.66988092298052,0.015333059593058666
path,0.0011494252873563218,1,7.075346031088684,0.008132581644929523
pen,0.005747126436781609,5,5.976733742420574,0.034349044496669964
seen,0.004597701149425287,4,6.159055299214529,0.028317495628572546
wir,0.0011494252873563218,1,7.075346031088684,0.008132581644929523
church,0.0011494252873563218,1,7.075346031088684,0.008132581644929523
gay,0.008045977011494253,7,5.689051669968793,0.045773978953771895
itssotrue,0.0011494252873563218,1,7.075346031088684,0.008132581644929523
marriage,0.005747126436781609,4,6.159055299214529,0.035396869535715685
pmsl,0.0011494252873563218,1,7.075346031088684,0.008132581644929523
satan,0.0022988505747126436,2,6.66988092298052,0.015333059593058666
support,0.009195402298850575,8,5.5712686343124105,0.05123005640747044
abortion,0.008045977011494253,6,5.822583062593316,0.04684836946914162
considering,0.0022988505747126436,2,6.66988092298052,0.015333059593058666
fair,0.0022988505747126436,2,6.66988092298052,0.015333059593058666
legalized,0.0011494252873563218,1,7.075346031088684,0.008132581644929523
men,0.0034482758620689655,3,6.382198850528739,0.02200758224320255
sweden,0.0011494252873563218,1,7.075346031088684,0.008132581644929523
barcelona,0.0022988505747126436,2,6.66988092298052,0.015333059593058666
bully,0.0011494252873563218,1,7.075346031088684,0.008132581644929523
coolness,0.0011494252873563218,1,7.075346031088684,0.008132581644929523
fans,0.0022988505747126436,2,6.66988092298052,0.015333059593058666
homophobic,0.0011494252873563218,1,7.075346031088684,0.008132581644929523
legend,0.0022988505747126436,2,6.66988092298052,0.015333059593058666
proves,0.0011494252873563218,1,7.075346031088684,0.008132581644929523
slurs,0.0011494252873563218,1,7.075346031088684,0.008132581644929523
alike,0.0011494252873563218,1,7.075346031088684,0.008132581644929523
believe,0.006896551724137931,5,5.976733742420574,0.04121885339600396
chiropractic,0.0011494252873563218,1,7.075346031088684,0.008132581644929523
congratulations,0.0022988505747126436,2,6.66988092298052,0.015333059593058666
gets,0.005747126436781609,4,6.159055299214529,0.035396869535715685
goes,0.0022988505747126436,2,6.66988092298052,0.015333059593058666
libtards,0.0011494252873563218,1,7.075346031088684,0.008132581644929523
pat,0.0011494252873563218,1,7.075346031088684,0.008132581644929523
chiefs,0.0011494252873563218,1,7.075346031088684,0.008132581644929523
cousins,0.0011494252873563218,1,7.075346031088684,0.008132581644929523
tyrod,0.0011494252873563218,1,7.075346031088684,0.008132581644929523
uniform,0.0011494252873563218,1,7.075346031088684,0.008132581644929523
cow,0.0011494252873563218,1,7.075346031088684,0.008132581644929523
currently,0.0022988505747126436,2,6.66988092298052,0.015333059593058666
half,0.0011494252873563218,1,7.075346031088684,0.008132581644929523
narrating,0.0011494252873563218,1,7.075346031088684,0.008132581644929523
stupid,0.0034482758620689655,3,6.382198850528739,0.02200758224320255
thizizuz,0.0011494252873563218,1,7.075346031088684,0.008132581644929523
trailer,0.0034482758620689655,3,6.382198850528739,0.02200758224320255
based,0.004597701149425287,4,6.159055299214529,0.028317495628572546
legitimate,0.0011494252873563218,1,7.075346031088684,0.008132581644929523
movement,0.0022988505747126436,2,6.66988092298052,0.015333059593058666
queensu,0.0011494252873563218,1,7.075346031088684,0.008132581644929523
violent,0.0022988505747126436,2,6.66988092298052,0.015333059593058666
ygk,0.0011494252873563218,1,7.075346031088684,0.008132581644929523
backfire,0.0011494252873563218,1,7.075346031088684,0.008132581644929523
realize,0.004597701149425287,4,6.159055299214529,0.028317495628572546
starting,0.0011494252873563218,1,7.075346031088684,0.008132581644929523
students,0.0011494252873563218,1,7.075346031088684,0.008132581644929523
asyouwere,0.0011494252873563218,1,7.075346031088684,0.008132581644929523
available,0.0022988505747126436,2,6.66988092298052,0.015333059593058666
deelz,0.0011494252873563218,1,7.075346031088684,0.008132581644929523
frahdi,0.0011494252873563218,1,7.075346031088684,0.008132581644929523
guitar,0.0011494252873563218,1,7.075346031088684,0.008132581644929523
kills,0.0011494252873563218,1,7.075346031088684,0.008132581644929523
machine,0.0011494252873563218,1,7.075346031088684,0.008132581644929523
myhearts,0.0011494252873563218,1,7.075346031088684,0.008132581644929523
stickers,0.0011494252873563218,1,7.075346031088684,0.008132581644929523
thisreally,0.0011494252873563218,1,7.075346031088684,0.008132581644929523
wet,0.0011494252873563218,1,7.075346031088684,0.008132581644929523
trending,0.0011494252873563218,1,7.075346031088684,0.008132581644929523
blowout,0.0011494252873563218,1,7.075346031088684,0.008132581644929523
denver,0.0011494252873563218,1,7.075346031088684,0.008132581644929523
hill,0.0011494252873563218,1,7.075346031088684,0.008132581644929523
injury,0.0011494252873563218,1,7.075346031088684,0.008132581644929523
returns,0.0011494252873563218,1,7.075346031088684,0.008132581644929523
score,0.0011494252873563218,1,7.075346031088684,0.008132581644929523
cruelty,0.0011494252873563218,1,7.075346031088684,0.008132581644929523
pest,0.0011494252873563218,1,7.075346031088684,0.008132581644929523
till,0.0022988505747126436,2,6.66988092298052,0.015333059593058666
hand,0.0011494252873563218,1,7.075346031088684,0.008132581644929523
priceless,0.0011494252873563218,1,7.075346031088684,0.008132581644929523
shaking,0.0011494252873563218,1,7.075346031088684,0.008132581644929523
agree,0.0011494252873563218,1,7.075346031088684,0.008132581644929523
awful,0.0011494252873563218,1,7.075346031088684,0.008132581644929523
corrupt,0.0011494252873563218,1,7.075346031088684,0.008132581644929523
lobbyists,0.0011494252873563218,1,7.075346031088684,0.008132581644929523
inch,0.0011494252873563218,1,7.075346031088684,0.008132581644929523
lost,0.004597701149425287,4,6.159055299214529,0.028317495628572546
net,0.0011494252873563218,1,7.075346031088684,0.008132581644929523
provinces,0.0011494252873563218,1,7.075346031088684,0.008132581644929523
said,0.009195402298850575,8,5.5712686343124105,0.05123005640747044
rc,0.0011494252873563218,1,7.075346031088684,0.008132581644929523
rookie,0.0022988505747126436,2,6.66988092298052,0.015333059593058666
wheels,0.0011494252873563218,1,7.075346031088684,0.008132581644929523
gop,0.008045977011494253,6,5.822583062593316,0.04684836946914162
asahi,0.0011494252873563218,1,7.075346031088684,0.008132581644929523
away,0.004597701149425287,4,6.159055299214529,0.028317495628572546
cosmetics,0.0011494252873563218,1,7.075346031088684,0.008132581644929523
makers,0.0011494252873563218,1,7.075346031088684,0.008132581644929523
shift,0.0011494252873563218,1,7.075346031088684,0.008132581644929523
shimbun,0.0011494252873563218,1,7.075346031088684,0.008132581644929523
build,0.0011494252873563218,1,7.075346031088684,0.008132581644929523
effort,0.0022988505747126436,2,6.66988092298052,0.015333059593058666
side,0.0011494252873563218,1,7.075346031088684,0.008132581644929523
cold,0.0022988505747126436,2,6.66988092298052,0.015333059593058666
enthusiasm,0.0011494252873563218,1,7.075346031088684,0.008132581644929523
explain,0.0011494252873563218,1,7.075346031088684,0.008132581644929523
unless,0.0011494252873563218,1,7.075346031088684,0.008132581644929523
water,0.004597701149425287,4,6.159055299214529,0.028317495628572546
whiteness,0.0011494252873563218,1,7.075346031088684,0.008132581644929523
couple,0.0022988505747126436,2,6.66988092298052,0.015333059593058666
fear,0.0011494252873563218,1,7.075346031088684,0.008132581644929523
gerrymandering,0.0011494252873563218,1,7.075346031088684,0.008132581644929523
obstruction,0.0011494252873563218,1,7.075346031088684,0.008132581644929523
scorched,0.0011494252873563218,1,7.075346031088684,0.008132581644929523
ayurveda,0.0011494252873563218,1,7.075346031088684,0.008132581644929523
feedback,0.0011494252873563218,1,7.075346031088684,0.008132581644929523
pl,0.0011494252873563218,1,7.075346031088684,0.008132581644929523
ur,0.0022988505747126436,2,6.66988092298052,0.015333059593058666
coach,0.0022988505747126436,2,6.66988092298052,0.015333059593058666
k,0.0022988505747126436,2,6.66988092298052,0.015333059593058666
exclusive,0.0011494252873563218,1,7.075346031088684,0.008132581644929523
ffxv,0.0011494252873563218,1,7.075346031088684,0.008132581644929523
games,0.0011494252873563218,1,7.075346031088684,0.008132581644929523
mostly,0.0011494252873563218,1,7.075346031088684,0.008132581644929523
play,0.0034482758620689655,2,6.66988092298052,0.022999589389588
ps,0.0011494252873563218,1,7.075346031088684,0.008132581644929523
terms,0.0011494252873563218,1,7.075346031088684,0.008132581644929523
danielborzutzky,0.0011494252873563218,1,7.075346031088684,0.008132581644929523
winners,0.0034482758620689655,3,6.382198850528739,0.02200758224320255
blog,0.0011494252873563218,1,7.075346031088684,0.008132581644929523
charleston,0.0011494252873563218,1,7.075346031088684,0.008132581644929523
massacre,0.0022988505747126436,2,6.66988092298052,0.015333059593058666
phony,0.0011494252873563218,1,7.075346031088684,0.008132581644929523
rhetoric,0.0011494252873563218,1,7.075346031088684,0.008132581644929523
shameful,0.0022988505747126436,2,6.66988092298052,0.015333059593058666
constitution,0.0022988505747126436,2,6.66988092298052,0.015333059593058666
hexcdmcovw,0.0011494252873563218,1,7.075346031088684,0.008132581644929523
riding,0.0011494252873563218,1,7.075346031088684,0.008132581644929523
alternatives,0.0011494252873563218,1,7.075346031088684,0.008132581644929523
expedite,0.0011494252873563218,1,7.075346031088684,0.008132581644929523
minded,0.0011494252873563218,1,7.075346031088684,0.008132581644929523
nobody,0.0022988505747126436,2,6.66988092298052,0.015333059593058666
simple,0.0011494252873563218,1,7.075346031088684,0.008132581644929523
straw,0.0011494252873563218,1,7.075346031088684,0.008132581644929523
blood,0.0022988505747126436,2,6.66988092298052,0.015333059593058666
chanel,0.0011494252873563218,1,7.075346031088684,0.008132581644929523
hahahaha,0.0011494252873563218,1,7.075346031088684,0.008132581644929523
running,0.0011494252873563218,1,7.075346031088684,0.008132581644929523
quite,0.0011494252873563218,1,7.075346031088684,0.008132581644929523
choose,0.0022988505747126436,2,6.66988092298052,0.015333059593058666
images,0.0011494252873563218,1,7.075346031088684,0.008132581644929523
topic,0.0011494252873563218,1,7.075346031088684,0.008132581644929523
dementia,0.0011494252873563218,1,7.075346031088684,0.008132581644929523
health,0.005747126436781609,5,5.976733742420574,0.034349044496669964
mercury,0.0011494252873563218,1,7.075346031088684,0.008132581644929523
wellness,0.0011494252873563218,1,7.075346031088684,0.008132581644929523
wujilife,0.0011494252873563218,1,7.075346031088684,0.008132581644929523
appreciate,0.0011494252873563218,1,7.075346031088684,0.008132581644929523
eager,0.0011494252873563218,1,7.075346031088684,0.008132581644929523
following,0.0022988505747126436,2,6.66988092298052,0.015333059593058666
passion,0.0011494252873563218,1,7.075346031088684,0.008132581644929523
share,0.0022988505747126436,2,6.66988092298052,0.015333059593058666
cuban,0.005747126436781609,3,6.382198850528739,0.03667930373867091
grows,0.0022988505747126436,2,6.66988092298052,0.015333059593058666
reports,0.0022988505747126436,2,6.66988092298052,0.015333059593058666
sectors,0.0011494252873563218,1,7.075346031088684,0.008132581644929523
slowly,0.0011494252873563218,1,7.075346031088684,0.008132581644929523
copying,0.0011494252873563218,1,7.075346031088684,0.008132581644929523
michelle,0.0011494252873563218,1,7.075346031088684,0.008132581644929523
other,0.006896551724137931,6,5.822583062593316,0.04015574525926425
depleted,0.0011494252873563218,1,7.075346031088684,0.008132581644929523
eventually,0.0011494252873563218,1,7.075346031088684,0.008132581644929523
soooo,0.0011494252873563218,1,7.075346031088684,0.008132581644929523
turn,0.0034482758620689655,3,6.382198850528739,0.02200758224320255
anything,0.0022988505747126436,2,6.66988092298052,0.015333059593058666
gracious,0.0011494252873563218,1,7.075346031088684,0.008132581644929523
obamas,0.0011494252873563218,1,7.075346031088684,0.008132581644929523
bakken,0.0011494252873563218,1,7.075346031088684,0.008132581644929523
divest,0.0022988505747126436,2,6.66988092298052,0.015333059593058666
divestdapl,0.0011494252873563218,1,7.075346031088684,0.008132581644929523
waterislife,0.0011494252873563218,1,7.075346031088684,0.008132581644929523
backup,0.0011494252873563218,1,7.075346031088684,0.008132581644929523
bro,0.0011494252873563218,1,7.075346031088684,0.008132581644929523
colts,0.0011494252873563218,1,7.075346031088684,0.008132581644929523
jaymohrsports,0.0011494252873563218,1,7.075346031088684,0.008132581644929523
nice,0.004597701149425287,4,6.159055299214529,0.028317495628572546
quarterback,0.0011494252873563218,1,7.075346031088684,0.008132581644929523
ap,0.0011494252873563218,1,7.075346031088684,0.008132581644929523
notes,0.0011494252873563218,1,7.075346031088684,0.008132581644929523
works,0.0022988505747126436,2,6.66988092298052,0.015333059593058666
consciousness,0.0011494252873563218,1,7.075346031088684,0.008132581644929523
hesitantly,0.0011494252873563218,1,7.075346031088684,0.008132581644929523
goofy,0.0011494252873563218,1,7.075346031088684,0.008132581644929523
lmao,0.0011494252873563218,1,7.075346031088684,0.008132581644929523
stevebuscemi,0.0011494252873563218,1,7.075346031088684,0.008132581644929523
theface,0.0011494252873563218,1,7.075346031088684,0.008132581644929523
cuckoo,0.0034482758620689655,1,7.075346031088684,0.024397744934788565
sounding,0.0022988505747126436,2,6.66988092298052,0.015333059593058666
wonder,0.0034482758620689655,3,6.382198850528739,0.02200758224320255
requires,0.0022988505747126436,2,6.66988092298052,0.015333059593058666
unfortunately,0.0011494252873563218,1,7.075346031088684,0.008132581644929523
linuxfoundation,0.0022988505747126436,2,6.66988092298052,0.015333059593058666
drug,0.0011494252873563218,1,7.075346031088684,0.008132581644929523
execute,0.0011494252873563218,1,7.075346031088684,0.008132581644929523
heaps,0.0011494252873563218,1,7.075346031088684,0.008132581644929523
narcotics,0.0011494252873563218,1,7.075346031088684,0.008132581644929523
pressure,0.0022988505747126436,2,6.66988092298052,0.015333059593058666
scandal,0.0011494252873563218,1,7.075346031088684,0.008132581644929523
scum,0.0011494252873563218,1,7.075346031088684,0.008132581644929523
citizens,0.0034482758620689655,3,6.382198850528739,0.02200758224320255
employed,0.0011494252873563218,1,7.075346031088684,0.008132581644929523
happily,0.0011494252873563218,1,7.075346031088684,0.008132581644929523
minimal,0.0011494252873563218,1,7.075346031088684,0.008132581644929523
baby,0.0011494252873563218,1,7.075346031088684,0.008132581644929523
cuts,0.0034482758620689655,3,6.382198850528739,0.02200758224320255
richer,0.0011494252873563218,1,7.075346031088684,0.008132581644929523
schools,0.0011494252873563218,1,7.075346031088684,0.008132581644929523
tax,0.008045977011494253,6,5.822583062593316,0.04684836946914162
trumped,0.0011494252873563218,1,7.075346031088684,0.008132581644929523
nd,0.0022988505747126436,2,6.66988092298052,0.015333059593058666
premiered,0.0011494252873563218,1,7.075346031088684,0.008132581644929523
lego,0.0011494252873563218,1,7.075346031088684,0.008132581644929523
movies,0.0011494252873563218,1,7.075346031088684,0.008132581644929523
ole,0.0011494252873563218,1,7.075346031088684,0.008132581644929523
relaxing,0.0011494252873563218,1,7.075346031088684,0.008132581644929523
goebbles,0.0011494252873563218,1,7.075346031088684,0.008132581644929523
j,0.0011494252873563218,1,7.075346031088684,0.008132581644929523
repeat,0.0011494252873563218,1,7.075346031088684,0.008132581644929523
tactic,0.0011494252873563218,1,7.075346031088684,0.008132581644929523
tried,0.0022988505747126436,2,6.66988092298052,0.015333059593058666
chauffeur,0.0011494252873563218,1,7.075346031088684,0.008132581644929523
ev,0.0011494252873563218,1,7.075346031088684,0.008132581644929523
hire,0.0011494252873563218,1,7.075346031088684,0.008132581644929523
models,0.0022988505747126436,2,6.66988092298052,0.015333059593058666
p,0.009195402298850575,7,5.689051669968793,0.052313118804310735
packages,0.0011494252873563218,1,7.075346031088684,0.008132581644929523
teslamotors,0.0011494252873563218,1,7.075346031088684,0.008132581644929523
bellehttps,0.0011494252873563218,1,7.075346031088684,0.008132581644929523
gaston,0.0022988505747126436,2,6.66988092298052,0.015333059593058666
wooing,0.0011494252873563218,1,7.075346031088684,0.008132581644929523
wvbbuexnq,0.0011494252873563218,1,7.075346031088684,0.008132581644929523
fascists,0.0011494252873563218,1,7.075346031088684,0.008132581644929523
feed,0.0011494252873563218,1,7.075346031088684,0.008132581644929523
nazis,0.0022988505747126436,2,6.66988092298052,0.015333059593058666
racists,0.0022988505747126436,2,6.66988092298052,0.015333059593058666
things,0.004597701149425287,4,6.159055299214529,0.028317495628572546
incidents,0.0011494252873563218,1,7.075346031088684,0.008132581644929523
inspirational,0.0011494252873563218,1,7.075346031088684,0.008132581644929523
argument,0.0011494252873563218,1,7.075346031088684,0.008132581644929523
assumptions,0.0011494252873563218,1,7.075346031088684,0.008132581644929523
chipotle,0.0011494252873563218,1,7.075346031088684,0.008132581644929523
pay,0.0022988505747126436,2,6.66988092298052,0.015333059593058666
retarded,0.0011494252873563218,1,7.075346031088684,0.008132581644929523
cartoon,0.0011494252873563218,1,7.075346031088684,0.008132581644929523
yorker,0.0011494252873563218,1,7.075346031088684,0.008132581644929523
dance,0.0011494252873563218,1,7.075346031088684,0.008132581644929523
harrystyles,0.0011494252873563218,1,7.075346031088684,0.008132581644929523
lovely,0.0011494252873563218,1,7.075346031088684,0.008132581644929523
niallhoran,0.0011494252873563218,1,7.075346031088684,0.008132581644929523
wwatour,0.0011494252873563218,1,7.075346031088684,0.008132581644929523
argue,0.0011494252873563218,1,7.075346031088684,0.008132581644929523
bel,0.0011494252873563218,1,7.075346031088684,0.008132581644929523
block,0.0011494252873563218,1,7.075346031088684,0.008132581644929523
fresh,0.0034482758620689655,2,6.66988092298052,0.022999589389588
prince,0.0011494252873563218,1,7.075346031088684,0.008132581644929523
sang,0.0022988505747126436,2,6.66988092298052,0.015333059593058666
understand,0.0034482758620689655,3,6.382198850528739,0.02200758224320255
fighthttps,0.0011494252873563218,1,7.075346031088684,0.008132581644929523
il,0.0011494252873563218,1,7.075346031088684,0.008132581644929523
nlrb,0.0011494252873563218,1,7.075346031088684,0.008132581644929523
notemypresident,0.0011494252873563218,1,7.075346031088684,0.008132581644929523
ruling,0.0011494252873563218,1,7.075346031088684,0.008132581644929523
soon,0.0022988505747126436,2,6.66988092298052,0.015333059593058666
union,0.0011494252873563218,1,7.075346031088684,0.008132581644929523
uniteblue,0.006896551724137931,6,5.822583062593316,0.04015574525926425
vengeance,0.0011494252873563218,1,7.075346031088684,0.008132581644929523
vslovqx,0.0011494252873563218,1,7.075346031088684,0.008132581644929523
buzzconf,0.0011494252873563218,1,7.075346031088684,0.008132581644929523
jordan,0.0011494252873563218,1,7.075346031088684,0.008132581644929523
printed,0.0022988505747126436,2,6.66988092298052,0.015333059593058666
squirtels,0.0011494252873563218,1,7.075346031088684,0.008132581644929523
acceptance,0.0011494252873563218,1,7.075346031088684,0.008132581644929523
determination,0.0011494252873563218,1,7.075346031088684,0.008132581644929523
meet,0.0011494252873563218,1,7.075346031088684,0.008132581644929523
mental,0.0011494252873563218,1,7.075346031088684,0.008132581644929523
negatives,0.0011494252873563218,1,7.075346031088684,0.008132581644929523
rigorous,0.0011494252873563218,1,7.075346031088684,0.008132581644929523
broke,0.0022988505747126436,2,6.66988092298052,0.015333059593058666
diplomacy,0.0011494252873563218,1,7.075346031088684,0.008132581644929523
guess,0.0011494252873563218,1,7.075346031088684,0.008132581644929523
award,0.0034482758620689655,3,6.382198850528739,0.02200758224320255
cope,0.0011494252873563218,1,7.075346031088684,0.008132581644929523
cristiano,0.004597701149425287,4,6.159055299214529,0.028317495628572546
fifa,0.0011494252873563218,1,7.075346031088684,0.008132581644929523
lopetegui,0.0011494252873563218,1,7.075346031088684,0.008132581644929523
messi,0.0022988505747126436,2,6.66988092298052,0.015333059593058666
player,0.0022988505747126436,2,6.66988092298052,0.015333059593058666
ramos,0.0011494252873563218,1,7.075346031088684,0.008132581644929523
spain,0.0022988505747126436,2,6.66988092298052,0.015333059593058666
voted,0.0034482758620689655,3,6.382198850528739,0.02200758224320255
adolfs,0.0011494252873563218,1,7.075346031088684,0.008132581644929523
nytimes,0.0011494252873563218,1,7.075346031088684,0.008132581644929523
roomful,0.0011494252873563218,1,7.075346031088684,0.008132581644929523
ruth,0.0011494252873563218,1,7.075346031088684,0.008132581644929523
ruthgruber,0.0011494252873563218,1,7.075346031088684,0.008132581644929523
sundaymorning,0.0011494252873563218,1,7.075346031088684,0.008132581644929523
barack,0.0034482758620689655,2,6.66988092298052,0.022999589389588
embrace,0.0011494252873563218,1,7.075346031088684,0.008132581644929523
frontiers,0.0011494252873563218,1,7.075346031088684,0.008132581644929523
guest,0.0022988505747126436,2,6.66988092298052,0.015333059593058666
issue,0.0022988505747126436,2,6.66988092298052,0.015333059593058666
celebrity,0.0011494252873563218,1,7.075346031088684,0.008132581644929523
laughing,0.0022988505747126436,2,6.66988092298052,0.015333059593058666
magic,0.0022988505747126436,2,6.66988092298052,0.015333059593058666
looked,0.0011494252873563218,1,7.075346031088684,0.008132581644929523
miserable,0.0011494252873563218,1,7.075346031088684,0.008132581644929523
rest,0.0011494252873563218,1,7.075346031088684,0.008132581644929523
befirm,0.0011494252873563218,1,7.075346031088684,0.008132581644929523
conflictofinterest,0.0011494252873563218,1,7.075346031088684,0.008132581644929523
donaldtrump,0.0011494252873563218,1,7.075346031088684,0.008132581644929523
bet,0.004597701149425287,4,6.159055299214529,0.028317495628572546
dope,0.0011494252873563218,1,7.075346031088684,0.008132581644929523
allowing,0.0011494252873563218,1,7.075346031088684,0.008132581644929523
china,0.0034482758620689655,3,6.382198850528739,0.02200758224320255
conveniently,0.0011494252873563218,1,7.075346031088684,0.008132581644929523
europe,0.004597701149425287,4,6.159055299214529,0.028317495628572546
selling,0.0034482758620689655,3,6.382198850528739,0.02200758224320255
ukraine,0.0022988505747126436,2,6.66988092298052,0.015333059593058666
cernunnos,0.0011494252873563218,1,7.075346031088684,0.008132581644929523
folly,0.0011494252873563218,1,7.075346031088684,0.008132581644929523
international,0.0034482758620689655,3,6.382198850528739,0.02200758224320255
listenhere,0.0011494252873563218,1,7.075346031088684,0.008132581644929523
nowplaying,0.0022988505747126436,2,6.66988092298052,0.015333059593058666
rising,0.0011494252873563218,1,7.075346031088684,0.008132581644929523
wicca,0.0011494252873563218,1,7.075346031088684,0.008132581644929523
adam,0.0011494252873563218,1,7.075346031088684,0.008132581644929523
appearance,0.0011494252873563218,1,7.075346031088684,0.008132581644929523
because,0.011494252873563218,9,5.465908118654584,0.06282653009947797
call,0.004597701149425287,4,6.159055299214529,0.028317495628572546
material,0.0022988505747126436,2,6.66988092298052,0.015333059593058666
yr,0.0011494252873563218,1,7.075346031088684,0.008132581644929523
buying,0.0011494252873563218,1,7.075346031088684,0.008132581644929523
cans,0.0011494252873563218,1,7.075346031088684,0.008132581644929523
dented,0.0011494252873563218,1,7.075346031088684,0.008132581644929523
disability,0.0011494252873563218,1,7.075346031088684,0.008132581644929523
emergencies,0.0011494252873563218,1,7.075346031088684,0.008132581644929523
food,0.0011494252873563218,1,7.075346031088684,0.008132581644929523
higher,0.0011494252873563218,1,7.075346031088684,0.008132581644929523
insurance,0.0022988505747126436,2,6.66988092298052,0.015333059593058666
obamacare,0.006896551724137931,6,5.822583062593316,0.04015574525926425
private,0.0022988505747126436,2,6.66988092298052,0.015333059593058666
ramen,0.0011494252873563218,1,7.075346031088684,0.008132581644929523
worried,0.0011494252873563218,1,7.075346031088684,0.008132581644929523
cannabis,0.0022988505747126436,1,7.075346031088684,0.016265163289859046
cultivator,0.0011494252873563218,1,7.075346031088684,0.008132581644929523
errico,0.0011494252873563218,1,7.075346031088684,0.008132581644929523
examines,0.0011494252873563218,1,7.075346031088684,0.008132581644929523
grown,0.0011494252873563218,1,7.075346031088684,0.008132581644929523
plants,0.0011494252873563218,1,7.075346031088684,0.008132581644929523
pressassistant,0.0011494252873563218,1,7.075346031088684,0.008132581644929523
vireo,0.0011494252873563218,1,7.075346031088684,0.008132581644929523
bless,0.0034482758620689655,3,6.382198850528739,0.02200758224320255
autism,0.0011494252873563218,1,7.075346031088684,0.008132581644929523
suddenly,0.0011494252873563218,1,7.075346031088684,0.008132581644929523
change,0.004597701149425287,4,6.159055299214529,0.028317495628572546
dramatically,0.0011494252873563218,1,7.075346031088684,0.008132581644929523
exponential,0.0011494252873563218,1,7.075346031088684,0.008132581644929523
manufacturing,0.0011494252873563218,1,7.075346031088684,0.008132581644929523
once,0.0034482758620689655,3,6.382198850528739,0.02200758224320255
realise,0.0011494252873563218,1,7.075346031088684,0.008132581644929523
than,0.01839080459770115,16,4.935279867592413,0.09076376767986048
niffler,0.0011494252873563218,1,7.075346031088684,0.008132581644929523
owner,0.0011494252873563218,1,7.075346031088684,0.008132581644929523
anywhere,0.0034482758620689655,3,6.382198850528739,0.02200758224320255
dallas,0.0011494252873563218,1,7.075346031088684,0.008132581644929523
kind,0.0022988505747126436,2,6.66988092298052,0.015333059593058666
near,0.0011494252873563218,1,7.075346031088684,0.008132581644929523
played,0.0022988505747126436,2,6.66988092298052,0.015333059593058666
receive,0.0011494252873563218,1,7.075346031088684,0.008132581644929523
slurpage,0.0011494252873563218,1,7.075346031088684,0.008132581644929523
wouldn,0.004597701149425287,4,6.159055299214529,0.028317495628572546
elite,0.0022988505747126436,2,6.66988092298052,0.015333059593058666
guys,0.0022988505747126436,2,6.66988092298052,0.015333059593058666
lead,0.0022988505747126436,2,6.66988092298052,0.015333059593058666
price,0.0034482758620689655,3,6.382198850528739,0.02200758224320255
promise,0.0011494252873563218,1,7.075346031088684,0.008132581644929523
rotation,0.0011494252873563218,1,7.075346031088684,0.008132581644929523
supposed,0.004597701149425287,4,6.159055299214529,0.028317495628572546
depth,0.0011494252873563218,1,7.075346031088684,0.008132581644929523
fxmyubv,0.0011494252873563218,1,7.075346031088684,0.008132581644929523
lg,0.0011494252873563218,1,7.075346031088684,0.008132581644929523
never,0.005747126436781609,5,5.976733742420574,0.034349044496669964
received,0.0011494252873563218,1,7.075346031088684,0.008132581644929523
supporters,0.004597701149425287,4,6.159055299214529,0.028317495628572546
threats,0.0022988505747126436,2,6.66988092298052,0.015333059593058666
youre,0.0011494252873563218,1,7.075346031088684,0.008132581644929523
yourself,0.0011494252873563218,1,7.075346031088684,0.008132581644929523
aid,0.0011494252873563218,1,7.075346031088684,0.008132581644929523
airdrops,0.0011494252873563218,1,7.075346031088684,0.008132581644929523
allow,0.0022988505747126436,2,6.66988092298052,0.015333059593058666
save,0.0011494252873563218,1,7.075346031088684,0.008132581644929523
starvation,0.0011494252873563218,1,7.075346031088684,0.008132581644929523
thousands,0.0011494252873563218,1,7.075346031088684,0.008132581644929523
urge,0.0011494252873563218,1,7.075346031088684,0.008132581644929523
changes,0.0011494252873563218,1,7.075346031088684,0.008132581644929523
programs,0.0011494252873563218,1,7.075346031088684,0.008132581644929523
unite,0.0011494252873563218,1,7.075346031088684,0.008132581644929523
congress,0.0022988505747126436,2,6.66988092298052,0.015333059593058666
flashback,0.0011494252873563218,1,7.075346031088684,0.008132581644929523
obamashutdown,0.0011494252873563218,1,7.075346031088684,0.008132581644929523
proposal,0.0011494252873563218,1,7.075346031088684,0.008132581644929523
subsidy,0.0011494252873563218,1,7.075346031088684,0.008132581644929523
assists,0.0011494252873563218,1,7.075346031088684,0.008132581644929523
averaging,0.0011494252873563218,1,7.075346031088684,0.008132581644929523
bid,0.0011494252873563218,1,7.075346031088684,0.008132581644929523
crosby,0.0011494252873563218,1,7.075346031088684,0.008132581644929523
goal,0.0034482758620689655,3,6.382198850528739,0.02200758224320255
goals,0.0011494252873563218,1,7.075346031088684,0.008132581644929523
nhl,0.0011494252873563218,1,7.075346031088684,0.008132581644929523
pens,0.0011494252873563218,1,7.075346031088684,0.008132581644929523
sidney,0.0011494252873563218,1,7.075346031088684,0.008132581644929523
weird,0.0011494252873563218,1,7.075346031088684,0.008132581644929523
blooms,0.0011494252873563218,1,7.075346031088684,0.008132581644929523
flower,0.0011494252873563218,1,7.075346031088684,0.008132581644929523
gratitude,0.0011494252873563218,1,7.075346031088684,0.008132581644929523
noble,0.0011494252873563218,1,7.075346031088684,0.008132581644929523
souls,0.0011494252873563218,1,7.075346031088684,0.008132581644929523
animals,0.0011494252873563218,1,7.075346031088684,0.008132581644929523
approach,0.0011494252873563218,1,7.075346031088684,0.008132581644929523
body,0.0022988505747126436,2,6.66988092298052,0.015333059593058666
dead,0.005747126436781609,5,5.976733742420574,0.034349044496669964
especially,0.0022988505747126436,2,6.66988092298052,0.015333059593058666
marketing,0.0011494252873563218,1,7.075346031088684,0.008132581644929523
vegetaria,0.0011494252873563218,1,7.075346031088684,0.008132581644929523
found,0.0011494252873563218,1,7.075346031088684,0.008132581644929523
calexit,0.0011494252873563218,1,7.075346031088684,0.008132581644929523
humanrights,0.0011494252873563218,1,7.075346031088684,0.008132581644929523
mangomussolini,0.0011494252873563218,1,7.075346031088684,0.008132581644929523
opponents,0.0011494252873563218,1,7.075346031088684,0.008132581644929523
publicly,0.0011494252873563218,1,7.075346031088684,0.008132581644929523
youreafacist,0.0011494252873563218,1,7.075346031088684,0.008132581644929523
destruct,0.0011494252873563218,1,7.075346031088684,0.008132581644929523
eu,0.004597701149425287,4,6.159055299214529,0.028317495628572546
excellent,0.0022988505747126436,2,6.66988092298052,0.015333059593058666
hijra,0.0011494252873563218,1,7.075346031088684,0.008132581644929523
jihad,0.0011494252873563218,1,7.075346031088684,0.008132581644929523
let,0.006896551724137931,6,5.822583062593316,0.04015574525926425
tbh,0.0011494252873563218,1,7.075346031088684,0.008132581644929523
freedom,0.0034482758620689655,3,6.382198850528739,0.02200758224320255
obviously,0.0011494252873563218,1,7.075346031088684,0.008132581644929523
pro,0.0011494252873563218,1,7.075346031088684,0.008132581644929523
thinkers,0.0011494252873563218,1,7.075346031088684,0.008132581644929523
wing,0.0011494252873563218,1,7.075346031088684,0.008132581644929523
ect,0.0022988505747126436,2,6.66988092298052,0.015333059593058666
telling,0.0022988505747126436,2,6.66988092298052,0.015333059593058666
jess,0.0011494252873563218,1,7.075346031088684,0.008132581644929523
lane,0.0011494252873563218,1,7.075346031088684,0.008132581644929523
lorelai,0.0011494252873563218,1,7.075346031088684,0.008132581644929523
luke,0.0034482758620689655,3,6.382198850528739,0.02200758224320255
hurt,0.0022988505747126436,2,6.66988092298052,0.015333059593058666
modi,0.0011494252873563218,1,7.075346031088684,0.008132581644929523
pm,0.0022988505747126436,2,6.66988092298052,0.015333059593058666
righti,0.0011494252873563218,1,7.075346031088684,0.008132581644929523
sorry,0.0011494252873563218,1,7.075346031088684,0.008132581644929523
administration,0.0011494252873563218,1,7.075346031088684,0.008132581644929523
cs,0.0011494252873563218,1,7.075346031088684,0.008132581644929523
csmonitor,0.0011494252873563218,1,7.075346031088684,0.008132581644929523
monitor,0.0011494252873563218,1,7.075346031088684,0.008132581644929523
planned,0.0011494252873563218,1,7.075346031088684,0.008132581644929523
retweeted,0.0034482758620689655,3,6.382198850528739,0.02200758224320255
usher,0.0022988505747126436,2,6.66988092298052,0.015333059593058666
boy,0.0011494252873563218,1,7.075346031088684,0.008132581644929523
fall,0.0022988505747126436,2,6.66988092298052,0.015333059593058666
favoritas,0.0011494252873563218,1,7.075346031088684,0.008132581644929523
gold,0.005747126436781609,5,5.976733742420574,0.034349044496669964
mis,0.0011494252873563218,1,7.075346031088684,0.008132581644929523
shipped,0.0011494252873563218,1,7.075346031088684,0.008132581644929523
standard,0.004597701149425287,4,6.159055299214529,0.028317495628572546
una,0.0011494252873563218,1,7.075346031088684,0.008132581644929523
breast,0.0011494252873563218,1,7.075346031088684,0.008132581644929523
cancer,0.0022988505747126436,2,6.66988092298052,0.015333059593058666
causes,0.0011494252873563218,1,7.075346031088684,0.008132581644929523
claim,0.0022988505747126436,2,6.66988092298052,0.015333059593058666
parkinsbrea,0.0011494252873563218,1,7.075346031088684,0.008132581644929523
bgs,0.0011494252873563218,1,7.075346031088684,0.008132581644929523
cam,0.0022988505747126436,2,6.66988092298052,0.015333059593058666
gem,0.0022988505747126436,2,6.66988092298052,0.015333059593058666
mint,0.0011494252873563218,1,7.075346031088684,0.008132581644929523
skybox,0.0011494252873563218,1,7.075346031088684,0.008132581644929523
slam,0.0011494252873563218,1,7.075346031088684,0.008132581644929523
z,0.0011494252873563218,1,7.075346031088684,0.008132581644929523
getaway,0.0011494252873563218,1,7.075346031088684,0.008132581644929523
dakotaaccesspipeline,0.0011494252873563218,1,7.075346031088684,0.008132581644929523
farms,0.0011494252873563218,1,7.075346031088684,0.008132581644929523
indigenous,0.0011494252873563218,1,7.075346031088684,0.008132581644929523
ravaging,0.0011494252873563218,1,7.075346031088684,0.008132581644929523
wastewater,0.0011494252873563218,1,7.075346031088684,0.008132581644929523
canine,0.0011494252873563218,1,7.075346031088684,0.008132581644929523
report,0.0011494252873563218,1,7.075346031088684,0.008132581644929523
reportbazzar,0.0011494252873563218,1,7.075346031088684,0.008132581644929523
amazing,0.0011494252873563218,1,7.075346031088684,0.008132581644929523
favourites,0.0011494252873563218,1,7.075346031088684,0.008132581644929523
tribute,0.0022988505747126436,2,6.66988092298052,0.015333059593058666
bang,0.0011494252873563218,1,7.075346031088684,0.008132581644929523
blew,0.0011494252873563218,1,7.075346031088684,0.008132581644929523
brain,0.0011494252873563218,1,7.075346031088684,0.008132581644929523
prove,0.0011494252873563218,1,7.075346031088684,0.008132581644929523
blowing,0.0011494252873563218,1,7.075346031088684,0.008132581644929523
film,0.0011494252873563218,1,7.075346031088684,0.008132581644929523
gift,0.0022988505747126436,2,6.66988092298052,0.015333059593058666
mind,0.0022988505747126436,2,6.66988092298052,0.015333059593058666
f,0.005747126436781609,5,5.976733742420574,0.034349044496669964
trust,0.0011494252873563218,1,7.075346031088684,0.008132581644929523
wasn,0.0022988505747126436,2,6.66988092298052,0.015333059593058666
friends,0.0022988505747126436,2,6.66988092298052,0.015333059593058666
hiring,0.0011494252873563218,1,7.075346031088684,0.008132581644929523
mike,0.0022988505747126436,2,6.66988092298052,0.015333059593058666
personnel,0.0011494252873563218,1,7.075346031088684,0.008132581644929523
eye,0.0011494252873563218,1,7.075346031088684,0.008132581644929523
keen,0.0011494252873563218,1,7.075346031088684,0.008132581644929523
talent,0.0011494252873563218,1,7.075346031088684,0.008132581644929523
burger,0.0011494252873563218,1,7.075346031088684,0.008132581644929523
flight,0.0011494252873563218,1,7.075346031088684,0.008132581644929523
hour,0.0011494252873563218,1,7.075346031088684,0.008132581644929523
king,0.0022988505747126436,2,6.66988092298052,0.015333059593058666
lax,0.0011494252873563218,1,7.075346031088684,0.008132581644929523
crate,0.0011494252873563218,1,7.075346031088684,0.008132581644929523
kuchma,0.0011494252873563218,1,7.075346031088684,0.008132581644929523
obolon,0.0011494252873563218,1,7.075346031088684,0.008132581644929523
presidential,0.0022988505747126436,2,6.66988092298052,0.015333059593058666
strategy,0.0011494252873563218,1,7.075346031088684,0.008132581644929523
willing,0.0011494252873563218,1,7.075346031088684,0.008132581644929523
finished,0.0022988505747126436,2,6.66988092298052,0.015333059593058666
sorta,0.0011494252873563218,1,7.075346031088684,0.008132581644929523
eating,0.0011494252873563218,1,7.075346031088684,0.008132581644929523
fence,0.0011494252873563218,1,7.075346031088684,0.008132581644929523
noah,0.0011494252873563218,1,7.075346031088684,0.008132581644929523
brush,0.0011494252873563218,1,7.075346031088684,0.008132581644929523
community,0.0034482758620689655,3,6.382198850528739,0.02200758224320255
corridor,0.0011494252873563218,1,7.075346031088684,0.008132581644929523
flames,0.0011494252873563218,1,7.075346031088684,0.008132581644929523
houses,0.0011494252873563218,1,7.075346031088684,0.008132581644929523
nataf,0.0022988505747126436,1,7.075346031088684,0.016265163289859046
nearing,0.0011494252873563218,1,7.075346031088684,0.008132581644929523
went,0.0034482758620689655,3,6.382198850528739,0.02200758224320255
agrees,0.0011494252873563218,1,7.075346031088684,0.008132581644929523
dash,0.0022988505747126436,2,6.66988092298052,0.015333059593058666
hat,0.0011494252873563218,1,7.075346031088684,0.008132581644929523
miguel,0.0022988505747126436,2,6.66988092298052,0.015333059593058666
wear,0.0011494252873563218,1,7.075346031088684,0.008132581644929523
decision,0.0022988505747126436,2,6.66988092298052,0.015333059593058666
dummy,0.0011494252873563218,1,7.075346031088684,0.008132581644929523
loss,0.0011494252873563218,1,7.075346031088684,0.008132581644929523
spotting,0.0011494252873563218,1,7.075346031088684,0.008132581644929523
trumptransition,0.0011494252873563218,1,7.075346031088684,0.008132581644929523
votes,0.0022988505747126436,2,6.66988092298052,0.015333059593058666
wisconsin,0.0011494252873563218,1,7.075346031088684,0.008132581644929523
heard,0.0011494252873563218,1,7.075346031088684,0.008132581644929523
jerkin,0.0011494252873563218,1,7.075346031088684,0.008132581644929523
memory,0.0034482758620689655,3,6.382198850528739,0.02200758224320255
ratwhen,0.0011494252873563218,1,7.075346031088684,0.008132581644929523
sleepin,0.0011494252873563218,1,7.075346031088684,0.008132581644929523
dear,0.0022988505747126436,2,6.66988092298052,0.015333059593058666
hugs,0.0011494252873563218,1,7.075346031088684,0.008132581644929523
kisses,0.0011494252873563218,1,7.075346031088684,0.008132581644929523
matteo,0.0011494252873563218,1,7.075346031088684,0.008132581644929523
valentino,0.0011494252873563218,1,7.075346031088684,0.008132581644929523
drama,0.0011494252873563218,1,7.075346031088684,0.008132581644929523
magafordummies,0.0011494252873563218,1,7.075346031088684,0.008132581644929523
oldtestament,0.0011494252873563218,1,7.075346031088684,0.008132581644929523
potustrump,0.0011494252873563218,1,7.075346031088684,0.008132581644929523
process,0.0011494252873563218,1,7.075346031088684,0.008132581644929523
reads,0.0011494252873563218,1,7.075346031088684,0.008132581644929523
very,0.006896551724137931,6,5.822583062593316,0.04015574525926425
melt,0.0011494252873563218,1,7.075346031088684,0.008132581644929523
mine,0.0011494252873563218,1,7.075346031088684,0.008132581644929523
compassion,0.0011494252873563218,1,7.075346031088684,0.008132581644929523
incapable,0.0011494252873563218,1,7.075346031088684,0.008132581644929523
league,0.0022988505747126436,2,6.66988092298052,0.015333059593058666
uefa,0.0011494252873563218,1,7.075346031088684,0.008132581644929523
week,0.004597701149425287,4,6.159055299214529,0.028317495628572546
booty,0.0011494252873563218,1,7.075346031088684,0.008132581644929523
damn,0.0011494252873563218,1,7.075346031088684,0.008132581644929523
hester,0.0011494252873563218,1,7.075346031088684,0.008132581644929523
lea,0.0011494252873563218,1,7.075346031088684,0.008132581644929523
leamichele,0.0011494252873563218,1,7.075346031088684,0.008132581644929523
michele,0.0011494252873563218,1,7.075346031088684,0.008132581644929523
whew,0.0011494252873563218,1,7.075346031088684,0.008132581644929523
creators,0.0011494252873563218,1,7.075346031088684,0.008132581644929523
fakenews,0.0022988505747126436,2,6.66988092298052,0.015333059593058666
feeding,0.0011494252873563218,1,7.075346031088684,0.008132581644929523
fires,0.0011494252873563218,1,7.075346031088684,0.008132581644929523
stopped,0.0011494252873563218,1,7.075346031088684,0.008132581644929523
accodring,0.0011494252873563218,1,7.075346031088684,0.008132581644929523
accused,0.0022988505747126436,2,6.66988092298052,0.015333059593058666
allegedly,0.0011494252873563218,1,7.075346031088684,0.008132581644929523
evasion,0.0022988505747126436,2,6.66988092298052,0.015333059593058666
mil,0.0011494252873563218,1,7.075346031088684,0.008132581644929523
ronaldo,0.0034482758620689655,3,6.382198850528739,0.02200758224320255
sources,0.0011494252873563218,1,7.075346031088684,0.008132581644929523
v,0.004597701149425287,4,6.159055299214529,0.028317495628572546
cast,0.0022988505747126436,2,6.66988092298052,0.015333059593058666
onstage,0.0011494252873563218,1,7.075346031088684,0.008132581644929523
tickets,0.0022988505747126436,2,6.66988092298052,0.015333059593058666
visit,0.0022988505747126436,2,6.66988092298052,0.015333059593058666
cases,0.0011494252873563218,1,7.075346031088684,0.008132581644929523
courts,0.0011494252873563218,1,7.075346031088684,0.008132581644929523
forgotten,0.0011494252873563218,1,7.075346031088684,0.008132581644929523
jurisdiction,0.0011494252873563218,1,7.075346031088684,0.008132581644929523
litigating,0.0011494252873563218,1,7.075346031088684,0.008132581644929523
multiple,0.0011494252873563218,1,7.075346031088684,0.008132581644929523
says,0.005747126436781609,5,5.976733742420574,0.034349044496669964
slice,0.0011494252873563218,1,7.075346031088684,0.008132581644929523
tip,0.0022988505747126436,2,6.66988092298052,0.015333059593058666
madrid,0.0011494252873563218,1,7.075346031088684,0.008132581644929523
winning,0.0022988505747126436,2,6.66988092298052,0.015333059593058666
destroy,0.0011494252873563218,1,7.075346031088684,0.008132581644929523
education,0.0022988505747126436,2,6.66988092298052,0.015333059593058666
medicaid,0.0034482758620689655,3,6.382198850528739,0.02200758224320255
press,0.0011494252873563218,1,7.075346031088684,0.008132581644929523
clinton,0.005747126436781609,5,5.976733742420574,0.034349044496669964
donor,0.0011494252873563218,1,7.075346031088684,0.008132581644929523
foundation,0.0022988505747126436,2,6.66988092298052,0.015333059593058666
shareholder,0.0011494252873563218,1,7.075346031088684,0.008132581644929523
times,0.004597701149425287,4,6.159055299214529,0.028317495628572546
york,0.0011494252873563218,1,7.075346031088684,0.008132581644929523
anniversary,0.0011494252873563218,1,7.075346031088684,0.008132581644929523
investigate,0.0011494252873563218,1,7.075346031088684,0.008132581644929523
uncrc,0.0022988505747126436,1,7.075346031088684,0.016265163289859046
braking,0.0011494252873563218,1,7.075346031088684,0.008132581644929523
patriarchal,0.0011494252873563218,1,7.075346031088684,0.008132581644929523
vxvmu,0.0011494252873563218,1,7.075346031088684,0.008132581644929523
aint,0.0011494252873563218,1,7.075346031088684,0.008132581644929523
either,0.0011494252873563218,1,7.075346031088684,0.008132581644929523
nor,0.0011494252873563218,1,7.075346031088684,0.008132581644929523
settled,0.0011494252873563218,1,7.075346031088684,0.008132581644929523
hashem,0.0011494252873563218,1,7.075346031088684,0.008132581644929523
shabbatshalom,0.0011494252873563218,1,7.075346031088684,0.008132581644929523
center,0.0011494252873563218,1,7.075346031088684,0.008132581644929523
csis,0.0011494252873563218,1,7.075346031088684,0.008132581644929523
strategic,0.0011494252873563218,1,7.075346031088684,0.008132581644929523
studies,0.0011494252873563218,1,7.075346031088684,0.008132581644929523
curtains,0.0011494252873563218,1,7.075346031088684,0.008132581644929523
mother,0.0011494252873563218,1,7.075346031088684,0.008132581644929523
nature,0.0011494252873563218,1,7.075346031088684,0.008132581644929523
registration,0.0034482758620689655,3,6.382198850528739,0.02200758224320255
shirts,0.0011494252873563218,1,7.075346031088684,0.008132581644929523
strangerthings,0.0011494252873563218,1,7.075346031088684,0.008132581644929523
asked,0.0011494252873563218,1,7.075346031088684,0.008132581644929523
date,0.0022988505747126436,2,6.66988092298052,0.015333059593058666
fr,0.0011494252873563218,1,7.075346031088684,0.008132581644929523
jersey,0.0011494252873563218,1,7.075346031088684,0.008132581644929523
niggaaaaa,0.0011494252873563218,1,7.075346031088684,0.008132581644929523
rn,0.0011494252873563218,1,7.075346031088684,0.008132581644929523
wearing,0.0011494252873563218,1,7.075346031088684,0.008132581644929523
clarifies,0.0011494252873563218,1,7.075346031088684,0.008132581644929523
kate,0.0034482758620689655,3,6.382198850528739,0.02200758224320255
nsfw,0.0011494252873563218,1,7.075346031088684,0.008132581644929523
rant,0.0011494252873563218,1,7.075346031088684,0.008132581644929523
upton,0.0034482758620689655,3,6.382198850528739,0.02200758224320255
bandaid,0.0011494252873563218,1,7.075346031088684,0.008132581644929523
income,0.0022988505747126436,2,6.66988092298052,0.015333059593058666
fabrications,0.0011494252873563218,1,7.075346031088684,0.008132581644929523
jew,0.0034482758620689655,3,6.382198850528739,0.02200758224320255
jewmedia,0.0011494252873563218,1,7.075346031088684,0.008132581644929523
kiddieshit,0.0011494252873563218,1,7.075346031088684,0.008132581644929523
drops,0.0011494252873563218,1,7.075346031088684,0.008132581644929523
jeff,0.0011494252873563218,1,7.075346031088684,0.008132581644929523
keys,0.0011494252873563218,1,7.075346031088684,0.008132581644929523
street,0.0011494252873563218,1,7.075346031088684,0.008132581644929523
woah,0.0011494252873563218,1,7.075346031088684,0.008132581644929523
firefighting,0.0011494252873563218,1,7.075346031088684,0.008132581644929523
heroes,0.0011494252873563218,1,7.075346031088684,0.008132581644929523
hidden,0.0011494252873563218,1,7.075346031088684,0.008132581644929523
police,0.0022988505747126436,2,6.66988092298052,0.015333059593058666
prayers,0.0011494252873563218,1,7.075346031088684,0.008132581644929523
rain,0.0022988505747126436,2,6.66988092298052,0.015333059593058666
benghazi,0.0011494252873563218,1,7.075346031088684,0.008132581644929523
organic,0.0011494252873563218,1,7.075346031088684,0.008132581644929523
protest,0.005747126436781609,4,6.159055299214529,0.035396869535715685
sorosprotestors,0.0011494252873563218,1,7.075346031088684,0.008132581644929523
spontaneous,0.0011494252873563218,1,7.075346031088684,0.008132581644929523
become,0.004597701149425287,4,6.159055299214529,0.028317495628572546
iso,0.0011494252873563218,1,7.075346031088684,0.008132581644929523
mom,0.0022988505747126436,2,6.66988092298052,0.015333059593058666
activities,0.0011494252873563218,1,7.075346031088684,0.008132581644929523
imura,0.0022988505747126436,1,7.075346031088684,0.016265163289859046
operated,0.0011494252873563218,1,7.075346031088684,0.008132581644929523
protect,0.0011494252873563218,1,7.075346031088684,0.008132581644929523
workplease,0.0011494252873563218,1,7.075346031088684,0.008132581644929523
century,0.0011494252873563218,1,7.075346031088684,0.008132581644929523
drunk,0.0011494252873563218,1,7.075346031088684,0.008132581644929523
kempt,0.0011494252873563218,1,7.075346031088684,0.008132581644929523
wheelbarrow,0.0011494252873563218,1,7.075346031088684,0.008132581644929523
afford,0.0011494252873563218,1,7.075346031088684,0.008132581644929523
ignore,0.0011494252873563218,1,7.075346031088684,0.008132581644929523
protecthumanity,0.0011494252873563218,1,7.075346031088684,0.008132581644929523
stopindifference,0.0011494252873563218,1,7.075346031088684,0.008132581644929523
bucks,0.0022988505747126436,2,6.66988092298052,0.015333059593058666
common,0.0011494252873563218,1,7.075346031088684,0.008132581644929523
penguins,0.0011494252873563218,1,7.075346031088684,0.008132581644929523
trends,0.0011494252873563218,1,7.075346031088684,0.008132581644929523
branding,0.0011494252873563218,1,7.075346031088684,0.008132581644929523
ca,0.0022988505747126436,2,6.66988092298052,0.015333059593058666
name,0.0034482758620689655,3,6.382198850528739,0.02200758224320255
normalized,0.0011494252873563218,1,7.075346031088684,0.008132581644929523
remember,0.0022988505747126436,2,6.66988092298052,0.015333059593058666
rt,0.0022988505747126436,2,6.66988092298052,0.015333059593058666
dapl,0.0022988505747126436,2,6.66988092298052,0.015333059593058666
sacred,0.0011494252873563218,1,7.075346031088684,0.008132581644929523
whole,0.0034482758620689655,3,6.382198850528739,0.02200758224320255
continued,0.0011494252873563218,1,7.075346031088684,0.008132581644929523
forward,0.0011494252873563218,1,7.075346031088684,0.008132581644929523
partnership,0.0011494252873563218,1,7.075346031088684,0.008132581644929523
resources,0.0022988505747126436,2,6.66988092298052,0.015333059593058666
sharing,0.0011494252873563218,1,7.075346031088684,0.008132581644929523
beashamed,0.0011494252873563218,1,7.075346031088684,0.008132581644929523
blind,0.0022988505747126436,2,6.66988092298052,0.015333059593058666
filibusting,0.0011494252873563218,1,7.075346031088684,0.008132581644929523
lately,0.0011494252873563218,1,7.075346031088684,0.008132581644929523
mp,0.0011494252873563218,1,7.075346031088684,0.008132581644929523
sheryll,0.0011494252873563218,1,7.075346031088684,0.008132581644929523
stitched,0.0011494252873563218,1,7.075346031088684,0.008132581644929523
whats,0.0011494252873563218,1,7.075346031088684,0.008132581644929523
usual,0.0022988505747126436,2,6.66988092298052,0.015333059593058666
talking,0.0022988505747126436,2,6.66988092298052,0.015333059593058666
thug,0.0011494252873563218,1,7.075346031088684,0.008132581644929523
andrews,0.0011494252873563218,1,7.075346031088684,0.008132581644929523
context,0.0011494252873563218,1,7.075346031088684,0.008132581644929523
daniel,0.0011494252873563218,1,7.075346031088684,0.008132581644929523
af,0.0011494252873563218,1,7.075346031088684,0.008132581644929523
concert,0.0011494252873563218,1,7.075346031088684,0.008132581644929523
entire,0.004597701149425287,4,6.159055299214529,0.028317495628572546
iseeyoubradleycooper,0.0011494252873563218,1,7.075346031088684,0.008132581644929523
lit,0.0011494252873563218,1,7.075346031088684,0.008132581644929523
crazily,0.0011494252873563218,1,7.075346031088684,0.008132581644929523
dated,0.0011494252873563218,1,7.075346031088684,0.008132581644929523
hagar,0.0011494252873563218,1,7.075346031088684,0.008132581644929523
harambe,0.0011494252873563218,1,7.075346031088684,0.008132581644929523
jokes,0.0022988505747126436,2,6.66988092298052,0.015333059593058666
repress,0.0011494252873563218,1,7.075346031088684,0.008132581644929523
sammy,0.0011494252873563218,1,7.075346031088684,0.008132581644929523
active,0.0022988505747126436,2,6.66988092298052,0.015333059593058666
cloudcomputing,0.0011494252873563218,1,7.075346031088684,0.008132581644929523
gaming,0.0011494252873563218,1,7.075346031088684,0.008132581644929523
member,0.0022988505747126436,2,6.66988092298052,0.015333059593058666
networking,0.0011494252873563218,1,7.075346031088684,0.008132581644929523
open,0.0022988505747126436,2,6.66988092298052,0.015333059593058666
source,0.0011494252873563218,1,7.075346031088684,0.008132581644929523
always,0.005747126436781609,5,5.976733742420574,0.034349044496669964
darkness,0.0022988505747126436,2,6.66988092298052,0.015333059593058666
light,0.0022988505747126436,2,6.66988092298052,0.015333059593058666
reminding,0.0011494252873563218,1,7.075346031088684,0.008132581644929523
siliconvalley,0.0011494252873563218,1,7.075346031088684,0.008132581644929523
under,0.0034482758620689655,3,6.382198850528739,0.02200758224320255
apple,0.0011494252873563218,1,7.075346031088684,0.008132581644929523
fakeheadlinebot,0.0011494252873563218,1,7.075346031088684,0.008132581644929523
javascript,0.0011494252873563218,1,7.075346031088684,0.008132581644929523
learntocode,0.0011494252873563218,1,7.075346031088684,0.008132581644929523
lived,0.0022988505747126436,2,6.66988092298052,0.015333059593058666
makeatwitterbot,0.0011494252873563218,1,7.075346031088684,0.008132581644929523
daughters,0.0011494252873563218,1,7.075346031088684,0.008132581644929523
wish,0.0034482758620689655,3,6.382198850528739,0.02200758224320255
favorite,0.0034482758620689655,3,6.382198850528739,0.02200758224320255
supremacist,0.0022988505747126436,2,6.66988092298052,0.015333059593058666
buried,0.0011494252873563218,1,7.075346031088684,0.008132581644929523
ceremony,0.0011494252873563218,1,7.075346031088684,0.008132581644929523
different,0.0011494252873563218,1,7.075346031088684,0.008132581644929523
level,0.0011494252873563218,1,7.075346031088684,0.008132581644929523
plays,0.0011494252873563218,1,7.075346031088684,0.008132581644929523
barbara,0.0011494252873563218,1,7.075346031088684,0.008132581644929523
barbiturates,0.0011494252873563218,1,7.075346031088684,0.008132581644929523
ch,0.0011494252873563218,1,7.075346031088684,0.008132581644929523
exit,0.0011494252873563218,1,7.075346031088684,0.008132581644929523
feast,0.0022988505747126436,2,6.66988092298052,0.015333059593058666
suggests,0.0011494252873563218,1,7.075346031088684,0.008132581644929523
failingnytimes,0.0011494252873563218,1,7.075346031088684,0.008132581644929523
three,0.0022988505747126436,2,6.66988092298052,0.015333059593058666
worstpresidentever,0.0011494252873563218,1,7.075346031088684,0.008132581644929523
author,0.0011494252873563218,1,7.075346031088684,0.008132581644929523
railroad,0.0022988505747126436,2,6.66988092298052,0.015333059593058666
underground,0.0022988505747126436,2,6.66988092298052,0.015333059593058666
booked,0.0011494252873563218,1,7.075346031088684,0.008132581644929523
months,0.0022988505747126436,2,6.66988092298052,0.015333059593058666
second,0.0011494252873563218,1,7.075346031088684,0.008132581644929523
dried,0.0011494252873563218,1,7.075346031088684,0.008132581644929523
estrogen,0.0011494252873563218,1,7.075346031088684,0.008132581644929523
married,0.0011494252873563218,1,7.075346031088684,0.008132581644929523
somebody,0.0011494252873563218,1,7.075346031088684,0.008132581644929523
refugees,0.0011494252873563218,1,7.075346031088684,0.008132581644929523
smith,0.0011494252873563218,1,7.075346031088684,0.008132581644929523
kidding,0.0011494252873563218,1,7.075346031088684,0.008132581644929523
verly,0.0011494252873563218,1,7.075346031088684,0.008132581644929523
betsy,0.0011494252873563218,1,7.075346031088684,0.008132581644929523
devos,0.0011494252873563218,1,7.075346031088684,0.008132581644929523
pans,0.0011494252873563218,1,7.075346031088684,0.008132581644929523
amounts,0.0011494252873563218,1,7.075346031088684,0.008132581644929523
easily,0.0011494252873563218,1,7.075346031088684,0.008132581644929523
id,0.0022988505747126436,2,6.66988092298052,0.015333059593058666
ids,0.0011494252873563218,1,7.075346031088684,0.008132581644929523
minorities,0.0022988505747126436,2,6.66988092298052,0.015333059593058666
racist,0.0034482758620689655,3,6.382198850528739,0.02200758224320255
ft,0.0022988505747126436,2,6.66988092298052,0.015333059593058666
ngwsvyi,0.0011494252873563218,1,7.075346031088684,0.008132581644929523
tory,0.0011494252873563218,1,7.075346031088684,0.008132581644929523
satisfied,0.0011494252873563218,1,7.075346031088684,0.008132581644929523
specifically,0.0011494252873563218,1,7.075346031088684,0.008132581644929523
decimate,0.0011494252873563218,1,7.075346031088684,0.008132581644929523
hated,0.0011494252873563218,1,7.075346031088684,0.008132581644929523
woman,0.0011494252873563218,1,7.075346031088684,0.008132581644929523
handy,0.0011494252873563218,1,7.075346031088684,0.008132581644929523
knew,0.0011494252873563218,1,7.075346031088684,0.008132581644929523
might,0.004597701149425287,4,6.159055299214529,0.028317495628572546
musical,0.0011494252873563218,1,7.075346031088684,0.008132581644929523
skills,0.0011494252873563218,1,7.075346031088684,0.008132581644929523
stalled,0.0011494252873563218,1,7.075346031088684,0.008132581644929523
statues,0.0011494252873563218,1,7.075346031088684,0.008132581644929523
success,0.0022988505747126436,2,6.66988092298052,0.015333059593058666
given,0.0011494252873563218,1,7.075346031088684,0.008132581644929523
pop,0.0011494252873563218,1,7.075346031088684,0.008132581644929523
small,0.0022988505747126436,2,6.66988092298052,0.015333059593058666
weight,0.0022988505747126436,2,6.66988092298052,0.015333059593058666
cumbria,0.0011494252873563218,1,7.075346031088684,0.008132581644929523
essex,0.0011494252873563218,1,7.075346031088684,0.008132581644929523
googling,0.0011494252873563218,1,7.075346031088684,0.008132581644929523
kent,0.0011494252873563218,1,7.075346031088684,0.008132581644929523
lancs,0.0011494252873563218,1,7.075346031088684,0.008132581644929523
wales,0.0011494252873563218,1,7.075346031088684,0.008132581644929523
yorks,0.0011494252873563218,1,7.075346031088684,0.008132581644929523
cute,0.0022988505747126436,2,6.66988092298052,0.015333059593058666
hayla,0.0011494252873563218,1,7.075346031088684,0.008132581644929523
ni,0.0011494252873563218,1,7.075346031088684,0.008132581644929523
resist,0.0034482758620689655,3,6.382198850528739,0.02200758224320255
sgt,0.0011494252873563218,1,7.075346031088684,0.008132581644929523
zamnnn,0.0011494252873563218,1,7.075346031088684,0.008132581644929523
company,0.0022988505747126436,2,6.66988092298052,0.015333059593058666
profits,0.0011494252873563218,1,7.075346031088684,0.008132581644929523
reroute,0.0022988505747126436,2,6.66988092298052,0.015333059593058666
safe,0.0022988505747126436,2,6.66988092298052,0.015333059593058666
senator,0.0011494252873563218,1,7.075346031088684,0.008132581644929523
buy,0.0022988505747126436,2,6.66988092298052,0.015333059593058666
codes,0.0011494252873563218,1,7.075346031088684,0.008132581644929523
coupon,0.0011494252873563218,1,7.075346031088684,0.008132581644929523
discount,0.0011494252873563218,1,7.075346031088684,0.008132581644929523
fave,0.0011494252873563218,1,7.075346031088684,0.008132581644929523
late,0.0011494252873563218,1,7.075346031088684,0.008132581644929523
sextoys,0.0011494252873563218,1,7.075346031088684,0.008132581644929523
using,0.008045977011494253,6,5.822583062593316,0.04684836946914162
ha,0.0011494252873563218,1,7.075346031088684,0.008132581644929523
personified,0.0011494252873563218,1,7.075346031088684,0.008132581644929523
stevebannon,0.0011494252873563218,1,7.075346031088684,0.008132581644929523
alcoholics,0.0011494252873563218,1,7.075346031088684,0.008132581644929523
devalued,0.0011494252873563218,1,7.075346031088684,0.008132581644929523
happen,0.0011494252873563218,1,7.075346031088684,0.008132581644929523
valuable,0.0011494252873563218,1,7.075346031088684,0.008132581644929523
cheese,0.0011494252873563218,1,7.075346031088684,0.008132581644929523
chicken,0.0011494252873563218,1,7.075346031088684,0.008132581644929523
crinkle,0.0022988505747126436,2,6.66988092298052,0.015333059593058666
curds,0.0011494252873563218,1,7.075346031088684,0.008132581644929523
custard,0.0011494252873563218,1,7.075346031088684,0.008132581644929523
frozen,0.0011494252873563218,1,7.075346031088684,0.008132581644929523
tendermomentssweepstakes,0.0011494252873563218,1,7.075346031088684,0.008132581644929523
tenders,0.0011494252873563218,1,7.075346031088684,0.008132581644929523
afghanistan,0.0011494252873563218,1,7.075346031088684,0.008132581644929523
assadmustgo,0.0011494252873563218,1,7.075346031088684,0.008132581644929523
focus,0.0011494252873563218,1,7.075346031088684,0.008132581644929523
iran,0.0022988505747126436,2,6.66988092298052,0.015333059593058666
mullahs,0.0011494252873563218,1,7.075346031088684,0.008132581644929523
murder,0.0011494252873563218,1,7.075346031088684,0.008132581644929523
nusra,0.0011494252873563218,1,7.075346031088684,0.008132581644929523
overlook,0.0011494252873563218,1,7.075346031088684,0.008132581644929523
syrians,0.0011494252873563218,1,7.075346031088684,0.008132581644929523
terrorists,0.0011494252873563218,1,7.075346031088684,0.008132581644929523
tyrants,0.0011494252873563218,1,7.075346031088684,0.008132581644929523
aides,0.0011494252873563218,1,7.075346031088684,0.008132581644929523
apology,0.0011494252873563218,1,7.075346031088684,0.008132581644929523
mull,0.0011494252873563218,1,7.075346031088684,0.008132581644929523
romney,0.0034482758620689655,2,6.66988092298052,0.022999589389588
sec,0.0011494252873563218,1,7.075346031088684,0.008132581644929523
allenedmonds,0.0011494252873563218,1,7.075346031088684,0.008132581644929523
career,0.0011494252873563218,1,7.075346031088684,0.008132581644929523
dress,0.0022988505747126436,2,6.66988092298052,0.015333059593058666
edmonds,0.0011494252873563218,1,7.075346031088684,0.008132581644929523
grays,0.0011494252873563218,1,7.075346031088684,0.008132581644929523
leather,0.0011494252873563218,1,7.075346031088684,0.008132581644929523
loafters,0.0011494252873563218,1,7.075346031088684,0.008132581644929523
office,0.0022988505747126436,2,6.66988092298052,0.015333059593058666
actions,0.0011494252873563218,1,7.075346031088684,0.008132581644929523
disavowing,0.0011494252873563218,1,7.075346031088684,0.008132581644929523
dump,0.0011494252873563218,1,7.075346031088684,0.008132581644929523
install,0.0011494252873563218,1,7.075346031088684,0.008132581644929523
neo,0.006896551724137931,5,5.976733742420574,0.04121885339600396
wh,0.0011494252873563218,1,7.075346031088684,0.008132581644929523
ciivlians,0.0011494252873563218,1,7.075346031088684,0.008132581644929523
exits,0.0011494252873563218,1,7.075346031088684,0.008132581644929523
ngo,0.0011494252873563218,1,7.075346031088684,0.008132581644929523
trapped,0.0011494252873563218,1,7.075346031088684,0.008132581644929523
breakdown,0.0011494252873563218,1,7.075346031088684,0.008132581644929523
came,0.0011494252873563218,1,7.075346031088684,0.008132581644929523
cash,0.0011494252873563218,1,7.075346031088684,0.008132581644929523
floridians,0.0011494252873563218,1,7.075346031088684,0.008132581644929523
rather,0.0022988505747126436,2,6.66988092298052,0.015333059593058666
correcting,0.0011494252873563218,1,7.075346031088684,0.008132581644929523
ferreting,0.0011494252873563218,1,7.075346031088684,0.008132581644929523
genuinely,0.0011494252873563218,1,7.075346031088684,0.008132581644929523
interested,0.0011494252873563218,1,7.075346031088684,0.008132581644929523
irregularities,0.0011494252873563218,1,7.075346031088684,0.008132581644929523
machines,0.0022988505747126436,2,6.66988092298052,0.015333059593058666
pursue,0.0011494252873563218,1,7.075346031088684,0.008132581644929523
standardize,0.0011494252873563218,1,7.075346031088684,0.008132581644929523
stein,0.004597701149425287,4,6.159055299214529,0.028317495628572546
basket,0.0022988505747126436,2,6.66988092298052,0.015333059593058666
couples,0.0022988505747126436,2,6.66988092298052,0.015333059593058666
handsome,0.0011494252873563218,1,7.075346031088684,0.008132581644929523
learned,0.0011494252873563218,1,7.075346031088684,0.008132581644929523
mani,0.0011494252873563218,1,7.075346031088684,0.008132581644929523
massage,0.0011494252873563218,1,7.075346031088684,0.008132581644929523
pedi,0.0011494252873563218,1,7.075346031088684,0.008132581644929523
weaving,0.0011494252873563218,1,7.075346031088684,0.008132581644929523
cavity,0.0011494252873563218,1,7.075346031088684,0.008132581644929523
freaking,0.0011494252873563218,1,7.075346031088684,0.008132581644929523
happened,0.0034482758620689655,3,6.382198850528739,0.02200758224320255
investigated,0.0011494252873563218,1,7.075346031088684,0.008132581644929523
meeting,0.0011494252873563218,1,7.075346031088684,0.008132581644929523
proportions,0.0011494252873563218,1,7.075346031088684,0.008132581644929523
search,0.0011494252873563218,1,7.075346031088684,0.008132581644929523
hoping,0.0011494252873563218,1,7.075346031088684,0.008132581644929523
inaugurationhttps,0.0011494252873563218,1,7.075346031088684,0.008132581644929523
reach,0.0011494252873563218,1,7.075346031088684,0.008132581644929523
surge,0.0011494252873563218,1,7.075346031088684,0.008132581644929523
trumpwall,0.0011494252873563218,1,7.075346031088684,0.008132581644929523
trumpwon,0.0011494252873563218,1,7.075346031088684,0.008132581644929523
zlzkzucewr,0.0011494252873563218,1,7.075346031088684,0.008132581644929523
jobs,0.0022988505747126436,2,6.66988092298052,0.015333059593058666
anaxagoreio,0.0011494252873563218,1,7.075346031088684,0.008132581644929523
hypocrisy,0.0011494252873563218,1,7.075346031088684,0.008132581644929523
meeker,0.0011494252873563218,1,7.075346031088684,0.008132581644929523
absurd,0.0011494252873563218,1,7.075346031088684,0.008132581644929523
arms,0.0034482758620689655,3,6.382198850528739,0.02200758224320255
commercial,0.0011494252873563218,1,7.075346031088684,0.008132581644929523
evidence,0.0022988505747126436,2,6.66988092298052,0.015333059593058666
flights,0.0011494252873563218,1,7.075346031088684,0.008132581644929523
lies,0.0022988505747126436,2,6.66988092298052,0.015333059593058666
pack,0.0022988505747126436,2,6.66988092298052,0.015333059593058666
polite,0.0011494252873563218,1,7.075346031088684,0.008132581644929523
rejects,0.0011494252873563218,1,7.075346031088684,0.008132581644929523
bed,0.0011494252873563218,1,7.075346031088684,0.008132581644929523
evil,0.0022988505747126436,2,6.66988092298052,0.015333059593058666
midol,0.0011494252873563218,1,7.075346031088684,0.008132581644929523
sugartits,0.0011494252873563218,1,7.075346031088684,0.008132581644929523
twitter,0.0022988505747126436,2,6.66988092298052,0.015333059593058666
wanted,0.0011494252873563218,1,7.075346031088684,0.008132581644929523
dennis,0.0011494252873563218,1,7.075346031088684,0.008132581644929523
double,0.0022988505747126436,2,6.66988092298052,0.015333059593058666
rodman,0.0011494252873563218,1,7.075346031088684,0.008132581644929523
seagal,0.0011494252873563218,1,7.075346031088684,0.008132581644929523
age,0.0011494252873563218,1,7.075346031088684,0.008132581644929523
criminality,0.0011494252873563218,1,7.075346031088684,0.008132581644929523
death,0.004597701149425287,4,6.159055299214529,0.028317495628572546
imposition,0.0011494252873563218,1,7.075346031088684,0.008132581644929523
lowering,0.0011494252873563218,1,7.075346031088684,0.008132581644929523
nine,0.0011494252873563218,1,7.075346031088684,0.008132581644929523
penalty,0.0022988505747126436,2,6.66988092298052,0.015333059593058666
appetising,0.0011494252873563218,1,7.075346031088684,0.008132581644929523
english,0.0011494252873563218,1,7.075346031088684,0.008132581644929523
sideways,0.0011494252873563218,1,7.075346031088684,0.008132581644929523
view,0.0011494252873563218,1,7.075346031088684,0.008132581644929523
daily,0.0022988505747126436,2,6.66988092298052,0.015333059593058666
eastenders,0.0011494252873563218,1,7.075346031088684,0.008132581644929523
indonesia,0.0011494252873563218,1,7.075346031088684,0.008132581644929523
periplus,0.0011494252873563218,1,7.075346031088684,0.008132581644929523
band,0.0011494252873563218,1,7.075346031088684,0.008132581644929523
crap,0.0011494252873563218,1,7.075346031088684,0.008132581644929523
done,0.0022988505747126436,2,6.66988092298052,0.015333059593058666
italian,0.0022988505747126436,2,6.66988092298052,0.015333059593058666
renzi,0.0011494252873563218,1,7.075346031088684,0.008132581644929523
romford,0.0011494252873563218,1,7.075346031088684,0.008132581644929523
star,0.0022988505747126436,2,6.66988092298052,0.015333059593058666
trumpton,0.0011494252873563218,1,7.075346031088684,0.008132581644929523
ai,0.0034482758620689655,3,6.382198850528739,0.02200758224320255
ar,0.0011494252873563218,1,7.075346031088684,0.008132581644929523
biz,0.0011494252873563218,1,7.075346031088684,0.008132581644929523
blockchain,0.0011494252873563218,1,7.075346031088684,0.008132581644929523
drones,0.0011494252873563218,1,7.075346031088684,0.008132581644929523
essential,0.0011494252873563218,1,7.075346031088684,0.008132581644929523
iot,0.0011494252873563218,1,7.075346031088684,0.008132581644929523
robot,0.0011494252873563218,1,7.075346031088684,0.008132581644929523
tech,0.0011494252873563218,1,7.075346031088684,0.008132581644929523
participating,0.0011494252873563218,1,7.075346031088684,0.008132581644929523
prize,0.0011494252873563218,1,7.075346031088684,0.008132581644929523
abysmally,0.0011494252873563218,1,7.075346031088684,0.008132581644929523
aping,0.0011494252873563218,1,7.075346031088684,0.008132581644929523
extremism,0.0011494252873563218,1,7.075346031088684,0.008132581644929523
lif,0.0011494252873563218,1,7.075346031088684,0.008132581644929523
propaganda,0.0011494252873563218,1,7.075346031088684,0.008132581644929523
sheep,0.0011494252873563218,1,7.075346031088684,0.008132581644929523
economy,0.004597701149425287,4,6.159055299214529,0.028317495628572546
emerging,0.0011494252873563218,1,7.075346031088684,0.008132581644929523
endanger,0.0011494252873563218,1,7.075346031088684,0.008132581644929523
thirds,0.0011494252873563218,1,7.075346031088684,0.008132581644929523
cowboys,0.0011494252873563218,1,7.075346031088684,0.008132581644929523
prescott,0.0011494252873563218,1,7.075346031088684,0.008132581644929523
qb,0.0011494252873563218,1,7.075346031088684,0.008132581644929523
situation,0.0011494252873563218,1,7.075346031088684,0.008132581644929523
cares,0.0022988505747126436,2,6.66988092298052,0.015333059593058666
everyday,0.0011494252873563218,1,7.075346031088684,0.008132581644929523
smdh,0.0011494252873563218,1,7.075346031088684,0.008132581644929523
combat,0.0011494252873563218,1,7.075346031088684,0.008132581644929523
opioid,0.0011494252873563218,1,7.075346031088684,0.008132581644929523
account,0.0011494252873563218,1,7.075346031088684,0.008132581644929523
beautiful,0.0022988505747126436,2,6.66988092298052,0.015333059593058666
create,0.0011494252873563218,1,7.075346031088684,0.008132581644929523
makes,0.0011494252873563218,1,7.075346031088684,0.008132581644929523
performances,0.0011494252873563218,1,7.075346031088684,0.008132581644929523
screenplay,0.0011494252873563218,1,7.075346031088684,0.008132581644929523
remorse,0.0011494252873563218,1,7.075346031088684,0.008132581644929523
ate,0.0011494252873563218,1,7.075346031088684,0.008132581644929523
excuse,0.0011494252873563218,1,7.075346031088684,0.008132581644929523
homework,0.0011494252873563218,1,7.075346031088684,0.008132581644929523
beat,0.0022988505747126436,2,6.66988092298052,0.015333059593058666
remix,0.0011494252873563218,1,7.075346031088684,0.008132581644929523
sable,0.0011494252873563218,1,7.075346031088684,0.008132581644929523
sake,0.0022988505747126436,2,6.66988092298052,0.015333059593058666
sweet,0.0022988505747126436,2,6.66988092298052,0.015333059593058666
unexpected,0.0011494252873563218,1,7.075346031088684,0.008132581644929523
bios,0.0011494252873563218,1,7.075346031088684,0.008132581644929523
christians,0.0022988505747126436,2,6.66988092298052,0.015333059593058666
sad,0.0022988505747126436,2,6.66988092298052,0.015333059593058666
treated,0.0034482758620689655,3,6.382198850528739,0.02200758224320255
antkmunipk,0.0011494252873563218,1,7.075346031088684,0.008132581644929523
egypt,0.0011494252873563218,1,7.075346031088684,0.008132581644929523
haftar,0.0011494252873563218,1,7.075346031088684,0.008132581644929523
priority,0.0011494252873563218,1,7.075346031088684,0.008132581644929523
sisihttps,0.0011494252873563218,1,7.075346031088684,0.008132581644929523
agentsofshield,0.0011494252873563218,1,7.075346031088684,0.008132581644929523
teenwolf,0.0011494252873563218,1,7.075346031088684,0.008132581644929523
theoriginals,0.0011494252873563218,1,7.075346031088684,0.008132581644929523
fuck,0.0034482758620689655,3,6.382198850528739,0.02200758224320255
mcchickens,0.0011494252873563218,1,7.075346031088684,0.008132581644929523
haha,0.0022988505747126436,2,6.66988092298052,0.015333059593058666
posted,0.0022988505747126436,2,6.66988092298052,0.015333059593058666
thats,0.0022988505747126436,2,6.66988092298052,0.015333059593058666
amendment,0.0011494252873563218,1,7.075346031088684,0.008132581644929523
blueunited,0.0011494252873563218,1,7.075346031088684,0.008132581644929523
retweet,0.0011494252873563218,1,7.075346031088684,0.008132581644929523
xii,0.0011494252873563218,1,7.075346031088684,0.008132581644929523
blonde,0.0022988505747126436,2,6.66988092298052,0.015333059593058666
fuckin,0.0011494252873563218,1,7.075346031088684,0.008132581644929523
legally,0.0022988505747126436,2,6.66988092298052,0.015333059593058666
omg,0.0011494252873563218,1,7.075346031088684,0.008132581644929523
britain,0.0022988505747126436,2,6.66988092298052,0.015333059593058666
democracy,0.0034482758620689655,3,6.382198850528739,0.02200758224320255
citadel,0.0011494252873563218,1,7.075346031088684,0.008132581644929523
joker,0.0011494252873563218,1,7.075346031088684,0.008132581644929523
ship,0.0011494252873563218,1,7.075346031088684,0.008132581644929523
bluffs,0.0011494252873563218,1,7.075346031088684,0.008132581644929523
local,0.0011494252873563218,1,7.075346031088684,0.008132581644929523
panorama,0.0011494252873563218,1,7.075346031088684,0.008132581644929523
protested,0.0011494252873563218,1,7.075346031088684,0.008132581644929523
thursday,0.0011494252873563218,1,7.075346031088684,0.008132581644929523
poy,0.0011494252873563218,1,7.075346031088684,0.008132581644929523
starters,0.0011494252873563218,1,7.075346031088684,0.008132581644929523
without,0.0034482758620689655,3,6.382198850528739,0.02200758224320255
coachella,0.0011494252873563218,1,7.075346031088684,0.008132581644929523
valley,0.0022988505747126436,2,6.66988092298052,0.015333059593058666
yemencrisis,0.0011494252873563218,1,7.075346031088684,0.008132581644929523
central,0.0011494252873563218,1,7.075346031088684,0.008132581644929523
comps,0.0011494252873563218,1,7.075346031088684,0.008132581644929523
pipes,0.0011494252873563218,1,7.075346031088684,0.008132581644929523
poisoned,0.0011494252873563218,1,7.075346031088684,0.008132581644929523
repair,0.0011494252873563218,1,7.075346031088684,0.008132581644929523
those,0.009195402298850575,8,5.5712686343124105,0.05123005640747044
four,0.0011494252873563218,1,7.075346031088684,0.008132581644929523
french,0.0011494252873563218,1,7.075346031088684,0.008132581644929523
marinelepen,0.0011494252873563218,1,7.075346031088684,0.008132581644929523
priorities,0.0011494252873563218,1,7.075346031088684,0.008132581644929523
quotes,0.0011494252873563218,1,7.075346031088684,0.008132581644929523
sovereignty,0.0011494252873563218,1,7.075346031088684,0.008132581644929523
dont,0.0022988505747126436,2,6.66988092298052,0.015333059593058666
fine,0.0011494252873563218,1,7.075346031088684,0.008132581644929523
bitches,0.0022988505747126436,2,6.66988092298052,0.015333059593058666
swagger,0.0011494252873563218,1,7.075346031088684,0.008132581644929523
mimms,0.0011494252873563218,1,7.075346031088684,0.008132581644929523
draintheswamp,0.006896551724137931,6,5.822583062593316,0.04015574525926425
committees,0.0011494252873563218,1,7.075346031088684,0.008132581644929523
constant,0.0011494252873563218,1,7.075346031088684,0.008132581644929523
oversight,0.0011494252873563218,1,7.075346031088684,0.008132581644929523
peppered,0.0011494252873563218,1,7.075346031088684,0.008132581644929523
scandals,0.0011494252873563218,1,7.075346031088684,0.008132581644929523
subpoen,0.0011494252873563218,1,7.075346031088684,0.008132581644929523
carrier,0.0011494252873563218,1,7.075346031088684,0.008132581644929523
indians,0.0011494252873563218,1,7.075346031088684,0.008132581644929523
questions,0.0011494252873563218,1,7.075346031088684,0.008132581644929523
raises,0.0022988505747126436,2,6.66988092298052,0.015333059593058666
stock,0.0011494252873563218,1,7.075346031088684,0.008132581644929523
charting,0.0011494252873563218,1,7.075346031088684,0.008132581644929523
highest,0.0011494252873563218,1,7.075346031088684,0.008132581644929523
lady,0.0011494252873563218,1,7.075346031088684,0.008132581644929523
lay,0.0034482758620689655,2,6.66988092298052,0.022999589389588
rolling,0.0011494252873563218,1,7.075346031088684,0.008132581644929523
thunder,0.0011494252873563218,1,7.075346031088684,0.008132581644929523
tour,0.0011494252873563218,1,7.075346031088684,0.008132581644929523
helping,0.0011494252873563218,1,7.075346031088684,0.008132581644929523
mt,0.0011494252873563218,1,7.075346031088684,0.008132581644929523
obamalegacy,0.0011494252873563218,1,7.075346031088684,0.008132581644929523
policies,0.0022988505747126436,2,6.66988092298052,0.015333059593058666
wrote,0.0011494252873563218,1,7.075346031088684,0.008132581644929523
accelerated,0.0011494252873563218,1,7.075346031088684,0.008132581644929523
ebo,0.0011494252873563218,1,7.075346031088684,0.008132581644929523
faster,0.0011494252873563218,1,7.075346031088684,0.008132581644929523
gpu,0.0011494252873563218,1,7.075346031088684,0.008132581644929523
startup,0.0022988505747126436,2,6.66988092298052,0.015333059593058666
uses,0.0011494252873563218,1,7.075346031088684,0.008132581644929523
children,0.0034482758620689655,3,6.382198850528739,0.02200758224320255
ignoring,0.0011494252873563218,1,7.075346031088684,0.008132581644929523
killed,0.0034482758620689655,3,6.382198850528739,0.02200758224320255
starving,0.0011494252873563218,1,7.075346031088684,0.008132581644929523
chris,0.0022988505747126436,2,6.66988092298052,0.015333059593058666
twista,0.0011494252873563218,1,7.075346031088684,0.008132581644929523
crush,0.0011494252873563218,1,7.075346031088684,0.008132581644929523
discover,0.0022988505747126436,2,6.66988092298052,0.015333059593058666
dominatingyourmind,0.0011494252873563218,1,7.075346031088684,0.008132581644929523
dym,0.0011494252873563218,1,7.075346031088684,0.008132581644929523
fears,0.0011494252873563218,1,7.075346031088684,0.008132581644929523
secrets,0.0011494252873563218,1,7.075346031088684,0.008132581644929523
unstoppable,0.0011494252873563218,1,7.075346031088684,0.008132581644929523
deceptive,0.0011494252873563218,1,7.075346031088684,0.008132581644929523
drinking,0.0011494252873563218,1,7.075346031088684,0.008132581644929523
false,0.0022988505747126436,2,6.66988092298052,0.015333059593058666
grapes,0.0011494252873563218,1,7.075346031088684,0.008132581644929523
midas,0.0011494252873563218,1,7.075346031088684,0.008132581644929523
roxbury,0.0011494252873563218,1,7.075346031088684,0.008132581644929523
sense,0.0022988505747126436,2,6.66988092298052,0.015333059593058666
flowers,0.0011494252873563218,1,7.075346031088684,0.008132581644929523
code,0.0011494252873563218,1,7.075346031088684,0.008132581644929523
promo,0.0011494252873563218,1,7.075346031088684,0.008132581644929523
opera,0.0011494252873563218,1,7.075346031088684,0.008132581644929523
retailbroadway,0.0011494252873563218,1,7.075346031088684,0.008132581644929523
target,0.0011494252873563218,1,7.075346031088684,0.008132581644929523
beasts,0.0022988505747126436,2,6.66988092298052,0.015333059593058666
fantastic,0.0034482758620689655,3,6.382198850528739,0.02200758224320255
fiending,0.0011494252873563218,1,7.075346031088684,0.008132581644929523
fix,0.0011494252873563218,1,7.075346031088684,0.008132581644929523
potter,0.0011494252873563218,1,7.075346031088684,0.008132581644929523
satisfy,0.0011494252873563218,1,7.075346031088684,0.008132581644929523
seeing,0.0011494252873563218,1,7.075346031088684,0.008132581644929523
beings,0.0011494252873563218,1,7.075346031088684,0.008132581644929523
deranged,0.0011494252873563218,1,7.075346031088684,0.008132581644929523
ill,0.0022988505747126436,2,6.66988092298052,0.015333059593058666
mentally,0.0022988505747126436,2,6.66988092298052,0.015333059593058666
probably,0.006896551724137931,6,5.822583062593316,0.04015574525926425
sub,0.0011494252873563218,1,7.075346031088684,0.008132581644929523
benefit,0.0011494252873563218,1,7.075346031088684,0.008132581644929523
cant,0.0011494252873563218,1,7.075346031088684,0.008132581644929523
faughyer,0.0011494252873563218,1,7.075346031088684,0.008132581644929523
ohh,0.0011494252873563218,1,7.075346031088684,0.008132581644929523
hammering,0.0011494252873563218,1,7.075346031088684,0.008132581644929523
term,0.0011494252873563218,1,7.075346031088684,0.008132581644929523
tories,0.0011494252873563218,1,7.075346031088684,0.008132581644929523
dropping,0.0022988505747126436,2,6.66988092298052,0.015333059593058666
involved,0.0011494252873563218,1,7.075346031088684,0.008132581644929523
label,0.0034482758620689655,3,6.382198850528739,0.02200758224320255
reasonable,0.0011494252873563218,1,7.075346031088684,0.008132581644929523
salute,0.0011494252873563218,1,7.075346031088684,0.008132581644929523
since,0.004597701149425287,4,6.159055299214529,0.028317495628572546
brady,0.0022988505747126436,2,6.66988092298052,0.015333059593058666
mack,0.0011494252873563218,1,7.075346031088684,0.008132581644929523
mistake,0.0011494252873563218,1,7.075346031088684,0.008132581644929523
skipped,0.0011494252873563218,1,7.075346031088684,0.008132581644929523
traded,0.0022988505747126436,2,6.66988092298052,0.015333059593058666
article,0.0011494252873563218,1,7.075346031088684,0.008132581644929523
datascience,0.0011494252873563218,1,7.075346031088684,0.008132581644929523
deeplearning,0.0011494252873563218,1,7.075346031088684,0.008132581644929523
difficulties,0.0011494252873563218,1,7.075346031088684,0.008132581644929523
theoretical,0.0011494252873563218,1,7.075346031088684,0.008132581644929523
amplified,0.0011494252873563218,1,7.075346031088684,0.008132581644929523
decided,0.0011494252873563218,1,7.075346031088684,0.008132581644929523
direct,0.0011494252873563218,1,7.075346031088684,0.008132581644929523
essentially,0.0011494252873563218,1,7.075346031088684,0.008132581644929523
suppressed,0.0011494252873563218,1,7.075346031088684,0.008132581644929523
truths,0.0011494252873563218,1,7.075346031088684,0.008132581644929523
oip,0.0011494252873563218,1,7.075346031088684,0.008132581644929523
politifact,0.0011494252873563218,1,7.075346031088684,0.008132581644929523
ppkv,0.0011494252873563218,1,7.075346031088684,0.008132581644929523
site,0.0011494252873563218,1,7.075346031088684,0.008132581644929523
albums,0.0011494252873563218,1,7.075346031088684,0.008132581644929523
fast,0.0011494252873563218,1,7.075346031088684,0.008132581644929523
montreal,0.0011494252873563218,1,7.075346031088684,0.008132581644929523
governor,0.0011494252873563218,1,7.075346031088684,0.008132581644929523
ukrainians,0.0011494252873563218,1,7.075346031088684,0.008132581644929523
affect,0.0022988505747126436,2,6.66988092298052,0.015333059593058666
elonmusk,0.0011494252873563218,1,7.075346031088684,0.008132581644929523
finances,0.0011494252873563218,1,7.075346031088684,0.008132581644929523
motors,0.0011494252873563218,1,7.075346031088684,0.008132581644929523
tsla,0.0022988505747126436,2,6.66988092298052,0.015333059593058666
declares,0.0011494252873563218,1,7.075346031088684,0.008132581644929523
hailed,0.0011494252873563218,1,7.075346031088684,0.008132581644929523
milestone,0.0011494252873563218,1,7.075346031088684,0.008132581644929523
progressive,0.0011494252873563218,1,7.075346031088684,0.008132581644929523
christian,0.0011494252873563218,1,7.075346031088684,0.008132581644929523
pass,0.0022988505747126436,2,6.66988092298052,0.015333059593058666
splc,0.0034482758620689655,2,6.66988092298052,0.022999589389588
gotta,0.0011494252873563218,1,7.075346031088684,0.008132581644929523
superior,0.0011494252873563218,1,7.075346031088684,0.008132581644929523
bankers,0.0011494252873563218,1,7.075346031088684,0.008132581644929523
celebrate,0.0011494252873563218,1,7.075346031088684,0.008132581644929523
dawn,0.0011494252873563218,1,7.075346031088684,0.008132581644929523
era,0.0011494252873563218,1,7.075346031088684,0.008132581644929523
trumpcabinet,0.0011494252873563218,1,7.075346031088684,0.008132581644929523
accident,0.0011494252873563218,1,7.075346031088684,0.008132581644929523
bc,0.0011494252873563218,1,7.075346031088684,0.008132581644929523
elon,0.0011494252873563218,1,7.075346031088684,0.008132581644929523
forsaken,0.0011494252873563218,1,7.075346031088684,0.008132581644929523
im,0.0011494252873563218,1,7.075346031088684,0.008132581644929523
losing,0.0022988505747126436,2,6.66988092298052,0.015333059593058666
musk,0.0011494252873563218,1,7.075346031088684,0.008132581644929523
stats,0.0022988505747126436,2,6.66988092298052,0.015333059593058666
anent,0.0011494252873563218,1,7.075346031088684,0.008132581644929523
crixq,0.0011494252873563218,1,7.075346031088684,0.008132581644929523
order,0.0011494252873563218,1,7.075346031088684,0.008132581644929523
revive,0.0011494252873563218,1,7.075346031088684,0.008132581644929523
crazyhester,0.0011494252873563218,1,7.075346031088684,0.008132581644929523
cleaned,0.0011494252873563218,1,7.075346031088684,0.008132581644929523
refuse,0.0011494252873563218,1,7.075346031088684,0.008132581644929523
reid,0.0022988505747126436,2,6.66988092298052,0.015333059593058666
value,0.0011494252873563218,1,7.075346031088684,0.008132581644929523
catch,0.0011494252873563218,1,7.075346031088684,0.008132581644929523
cyber,0.0011494252873563218,1,7.075346031088684,0.008132581644929523
cybermonday,0.0011494252873563218,1,7.075346031088684,0.008132581644929523
monday,0.0034482758620689655,3,6.382198850528739,0.02200758224320255
mugged,0.0011494252873563218,1,7.075346031088684,0.008132581644929523
presumably,0.0011494252873563218,1,7.075346031088684,0.008132581644929523
saving,0.0011494252873563218,1,7.075346031088684,0.008132581644929523
sounds,0.0022988505747126436,2,6.66988092298052,0.015333059593058666
jazz,0.0011494252873563218,1,7.075346031088684,0.008132581644929523
lose,0.0011494252873563218,1,7.075346031088684,0.008132581644929523
harrypotter,0.0011494252873563218,1,7.075346031088684,0.008132581644929523
hogwarts,0.0011494252873563218,1,7.075346031088684,0.008132581644929523
school,0.0011494252873563218,1,7.075346031088684,0.008132581644929523
considers,0.0011494252873563218,1,7.075346031088684,0.008132581644929523
venezuelans,0.0011494252873563218,1,7.075346031088684,0.008132581644929523
chief,0.0034482758620689655,3,6.382198850528739,0.02200758224320255
staff,0.0022988505747126436,2,6.66988092298052,0.015333059593058666
strategist,0.0022988505747126436,2,6.66988092298052,0.015333059593058666
caught,0.0022988505747126436,2,6.66988092298052,0.015333059593058666
heartstrings,0.0011494252873563218,1,7.075346031088684,0.008132581644929523
outstanding,0.0011494252873563218,1,7.075346031088684,0.008132581644929523
emergency,0.0011494252873563218,1,7.075346031088684,0.008132581644929523
inform,0.0011494252873563218,1,7.075346031088684,0.008132581644929523
issues,0.0034482758620689655,3,6.382198850528739,0.02200758224320255
japan,0.0011494252873563218,1,7.075346031088684,0.008132581644929523
nuclear,0.0011494252873563218,1,7.075346031088684,0.008132581644929523
pamphlets,0.0011494252873563218,1,7.075346031088684,0.008132581644929523
prepare,0.0011494252873563218,1,7.075346031088684,0.008132581644929523
audit,0.0011494252873563218,1,7.075346031088684,0.008132581644929523
nationwide,0.0011494252873563218,1,7.075346031088684,0.008132581644929523
step,0.0011494252873563218,1,7.075346031088684,0.008132581644929523
blues,0.0011494252873563218,1,7.075346031088684,0.008132581644929523
homesick,0.0011494252873563218,1,7.075346031088684,0.008132581644929523
scan,0.0011494252873563218,1,7.075346031088684,0.008132581644929523
subterranean,0.0011494252873563218,1,7.075346031088684,0.008132581644929523
increased,0.0011494252873563218,1,7.075346031088684,0.008132581644929523
navy,0.0011494252873563218,1,7.075346031088684,0.008132581644929523
sea,0.0011494252873563218,1,7.075346031088684,0.008132581644929523
smuggling,0.0011494252873563218,1,7.075346031088684,0.008132581644929523
elephant,0.0011494252873563218,1,7.075346031088684,0.008132581644929523
fly,0.0011494252873563218,1,7.075346031088684,0.008132581644929523
sunday,0.0011494252873563218,1,7.075346031088684,0.008132581644929523
abc,0.0011494252873563218,1,7.075346031088684,0.008132581644929523
shop,0.0011494252873563218,1,7.075346031088684,0.008132581644929523
vac,0.0011494252873563218,1,7.075346031088684,0.008132581644929523
sees,0.0011494252873563218,1,7.075346031088684,0.008132581644929523
among,0.0011494252873563218,1,7.075346031088684,0.008132581644929523
canoe,0.0011494252873563218,1,7.075346031088684,0.008132581644929523
restaurants,0.0011494252873563218,1,7.075346031088684,0.008132581644929523
fyi,0.0011494252873563218,1,7.075346031088684,0.008132581644929523
leave,0.0022988505747126436,2,6.66988092298052,0.015333059593058666
ruined,0.0011494252873563218,1,7.075346031088684,0.008132581644929523
letters,0.0011494252873563218,1,7.075346031088684,0.008132581644929523
randall,0.0011494252873563218,1,7.075346031088684,0.008132581644929523
bromley,0.0011494252873563218,1,7.075346031088684,0.008132581644929523
utterly,0.0011494252873563218,1,7.075346031088684,0.008132581644929523
american,0.0034482758620689655,3,6.382198850528739,0.02200758224320255
assume,0.0011494252873563218,1,7.075346031088684,0.008132581644929523
bloc,0.0011494252873563218,1,7.075346031088684,0.008132581644929523
hardline,0.0011494252873563218,1,7.075346031088684,0.008132581644929523
posture,0.0011494252873563218,1,7.075346031088684,0.008132581644929523
seem,0.0022988505747126436,2,6.66988092298052,0.015333059593058666
avocado,0.0011494252873563218,1,7.075346031088684,0.008132581644929523
smashers,0.0011494252873563218,1,7.075346031088684,0.008132581644929523
tight,0.0034482758620689655,1,7.075346031088684,0.024397744934788565
yay,0.0022988505747126436,2,6.66988092298052,0.015333059593058666
aside,0.0011494252873563218,1,7.075346031088684,0.008132581644929523
plz,0.0011494252873563218,1,7.075346031088684,0.008132581644929523
sorted,0.0011494252873563218,1,7.075346031088684,0.008132581644929523
trips,0.0011494252873563218,1,7.075346031088684,0.008132581644929523
uberindia,0.0011494252873563218,1,7.075346031088684,0.008132581644929523
dare,0.0011494252873563218,1,7.075346031088684,0.008132581644929523
sink,0.0011494252873563218,1,7.075346031088684,0.008132581644929523
suit,0.0011494252873563218,1,7.075346031088684,0.008132581644929523
arena,0.0011494252873563218,1,7.075346031088684,0.008132581644929523
hangover,0.0011494252873563218,1,7.075346031088684,0.008132581644929523
waiting,0.0022988505747126436,2,6.66988092298052,0.015333059593058666
kjt,0.0011494252873563218,1,7.075346031088684,0.008132581644929523
mark,0.0011494252873563218,1,7.075346031088684,0.008132581644929523
uxoka,0.0011494252873563218,1,7.075346031088684,0.008132581644929523
cryptic,0.0011494252873563218,1,7.075346031088684,0.008132581644929523
deciphering,0.0011494252873563218,1,7.075346031088684,0.008132581644929523
puns,0.0011494252873563218,1,7.075346031088684,0.008132581644929523
wifi,0.0011494252873563218,1,7.075346031088684,0.008132581644929523
questioned,0.0011494252873563218,1,7.075346031088684,0.008132581644929523
jill,0.0022988505747126436,2,6.66988092298052,0.015333059593058666
presses,0.0011494252873563218,1,7.075346031088684,0.008132581644929523
recounts,0.0011494252873563218,1,7.075346031088684,0.008132581644929523
shapes,0.0011494252873563218,1,7.075346031088684,0.008132581644929523
brave,0.0011494252873563218,1,7.075346031088684,0.008132581644929523
nation,0.0022988505747126436,2,6.66988092298052,0.015333059593058666
disppointed,0.0011494252873563218,1,7.075346031088684,0.008132581644929523
endgame,0.0011494252873563218,1,7.075346031088684,0.008132581644929523
fails,0.0011494252873563218,1,7.075346031088684,0.008132581644929523
frankly,0.0011494252873563218,1,7.075346031088684,0.008132581644929523
push,0.0011494252873563218,1,7.075346031088684,0.008132581644929523
ride,0.0034482758620689655,3,6.382198850528739,0.02200758224320255
wave,0.0011494252873563218,1,7.075346031088684,0.008132581644929523
arrested,0.0011494252873563218,1,7.075346031088684,0.008132581644929523
australia,0.0011494252873563218,1,7.075346031088684,0.008132581644929523
east,0.0011494252873563218,1,7.075346031088684,0.008132581644929523
neilprakash,0.0011494252873563218,1,7.075346031088684,0.008132581644929523
recruiter,0.0011494252873563218,1,7.075346031088684,0.008132581644929523
senior,0.0034482758620689655,3,6.382198850528739,0.02200758224320255
alwayssunnyingoogleearthvr,0.0011494252873563218,1,7.075346031088684,0.008132581644929523
managed,0.0011494252873563218,1,7.075346031088684,0.008132581644929523
nerd,0.0011494252873563218,1,7.075346031088684,0.008132581644929523
nintendo,0.0011494252873563218,1,7.075346031088684,0.008132581644929523
close,0.0011494252873563218,1,7.075346031088684,0.008132581644929523
otherwise,0.0011494252873563218,1,7.075346031088684,0.008132581644929523
suggested,0.0011494252873563218,1,7.075346031088684,0.008132581644929523
job,0.0034482758620689655,3,6.382198850528739,0.02200758224320255
poetical,0.0011494252873563218,1,7.075346031088684,0.008132581644929523
scene,0.0011494252873563218,1,7.075346031088684,0.008132581644929523
alcohol,0.0011494252873563218,1,7.075346031088684,0.008132581644929523
harder,0.0011494252873563218,1,7.075346031088684,0.008132581644929523
illegal,0.0011494252873563218,1,7.075346031088684,0.008132581644929523
sandyhookpromisegun,0.0011494252873563218,1,7.075346031088684,0.008132581644929523
several,0.0022988505747126436,2,6.66988092298052,0.015333059593058666
british,0.0022988505747126436,2,6.66988092298052,0.015333059593058666
court,0.0022988505747126436,2,6.66988092298052,0.015333059593058666
miller,0.0011494252873563218,1,7.075346031088684,0.008132581644929523
referandum,0.0011494252873563218,1,7.075346031088684,0.008132581644929523
sup,0.0011494252873563218,1,7.075346031088684,0.008132581644929523
supported,0.0011494252873563218,1,7.075346031088684,0.008132581644929523
jennifer,0.0011494252873563218,1,7.075346031088684,0.008132581644929523
leonardcohen,0.0011494252873563218,1,7.075346031088684,0.008132581644929523
warnes,0.0011494252873563218,1,7.075346031088684,0.008132581644929523
character,0.0011494252873563218,1,7.075346031088684,0.008132581644929523
coverage,0.0022988505747126436,2,6.66988092298052,0.015333059593058666
diso,0.0011494252873563218,1,7.075346031088684,0.008132581644929523
equivalency,0.0011494252873563218,1,7.075346031088684,0.008132581644929523
systematic,0.0011494252873563218,1,7.075346031088684,0.008132581644929523
liberalmedia,0.0011494252873563218,1,7.075346031088684,0.008132581644929523
mediabiashttps,0.0011494252873563218,1,7.075346031088684,0.008132581644929523
mrc,0.0011494252873563218,1,7.075346031088684,0.008132581644929523
msm,0.0011494252873563218,1,7.075346031088684,0.008132581644929523
msmbias,0.0011494252873563218,1,7.075346031088684,0.008132581644929523
nlo,0.0011494252873563218,1,7.075346031088684,0.008132581644929523
poll,0.0011494252873563218,1,7.075346031088684,0.008132581644929523
rejected,0.0011494252873563218,1,7.075346031088684,0.008132581644929523
toe,0.0011494252873563218,1,7.075346031088684,0.008132581644929523
yougov,0.0011494252873563218,1,7.075346031088684,0.008132581644929523
ep,0.0011494252873563218,1,7.075346031088684,0.008132581644929523
recaps,0.0011494252873563218,1,7.075346031088684,0.008132581644929523
attempt,0.0011494252873563218,1,7.075346031088684,0.008132581644929523
clearly,0.0011494252873563218,1,7.075346031088684,0.008132581644929523
scare,0.0011494252873563218,1,7.075346031088684,0.008132581644929523
supporting,0.0011494252873563218,1,7.075346031088684,0.008132581644929523
cabal,0.0011494252873563218,1,7.075346031088684,0.008132581644929523
defo,0.0011494252873563218,1,7.075346031088684,0.008132581644929523
forgot,0.0011494252873563218,1,7.075346031088684,0.008132581644929523
altogether,0.0011494252873563218,1,7.075346031088684,0.008132581644929523
candor,0.0011494252873563218,1,7.075346031088684,0.008132581644929523
needful,0.0011494252873563218,1,7.075346031088684,0.008132581644929523
oeje,0.0011494252873563218,1,7.075346031088684,0.008132581644929523
regarding,0.0022988505747126436,2,6.66988092298052,0.015333059593058666
uncommonly,0.0011494252873563218,1,7.075346031088684,0.008132581644929523
blank,0.0011494252873563218,1,7.075346031088684,0.008132581644929523
cover,0.0011494252873563218,1,7.075346031088684,0.008132581644929523
variant,0.0011494252873563218,1,7.075346031088684,0.008132581644929523
evanrachelwood,0.0011494252873563218,1,7.075346031088684,0.008132581644929523
experiencethank,0.0011494252873563218,1,7.075346031088684,0.008132581644929523
relentless,0.0011494252873563218,1,7.075346031088684,0.008132581644929523
wild,0.0011494252873563218,1,7.075346031088684,0.008132581644929523
ag,0.0011494252873563218,1,7.075346031088684,0.008132581644929523
escape,0.0011494252873563218,1,7.075346031088684,0.008132581644929523
failureofduties,0.0011494252873563218,1,7.075346031088684,0.008132581644929523
helped,0.0011494252873563218,1,7.075346031088684,0.008132581644929523
kathleenwynne,0.0011494252873563218,1,7.075346031088684,0.008132581644929523
premier,0.0011494252873563218,1,7.075346031088684,0.008132581644929523
accelerator,0.0011494252873563218,1,7.075346031088684,0.008132581644929523
expa,0.0011494252873563218,1,7.075346031088684,0.008132581644929523
founder,0.0011494252873563218,1,7.075346031088684,0.008132581644929523
labs,0.0011494252873563218,1,7.075346031088684,0.008132581644929523
ideologies,0.0011494252873563218,1,7.075346031088684,0.008132581644929523
philosophies,0.0011494252873563218,1,7.075346031088684,0.008132581644929523
relate,0.0011494252873563218,1,7.075346031088684,0.008132581644929523
bunch,0.0011494252873563218,1,7.075346031088684,0.008132581644929523
civil,0.0011494252873563218,1,7.075346031088684,0.008132581644929523
result,0.0011494252873563218,1,7.075346031088684,0.008132581644929523
stealthevote,0.0011494252873563218,1,7.075346031088684,0.008132581644929523
sex,0.0022988505747126436,1,7.075346031088684,0.016265163289859046
teen,0.0011494252873563218,1,7.075346031088684,0.008132581644929523
conspiracy,0.0011494252873563218,1,7.075346031088684,0.008132581644929523
nuts,0.0011494252873563218,1,7.075346031088684,0.008132581644929523
spine,0.0011494252873563218,1,7.075346031088684,0.008132581644929523
theory,0.0022988505747126436,2,6.66988092298052,0.015333059593058666
cucks,0.0011494252873563218,1,7.075346031088684,0.008132581644929523
alter,0.0011494252873563218,1,7.075346031088684,0.008132581644929523
andriyparubiy,0.0011494252873563218,1,7.075346031088684,0.008132581644929523
cec,0.0011494252873563218,1,7.075346031088684,0.008132581644929523
members,0.0011494252873563218,1,7.075346031088684,0.008132581644929523
ready,0.0011494252873563218,1,7.075346031088684,0.008132581644929523
recommendation,0.0011494252873563218,1,7.075346031088684,0.008132581644929523
flex,0.0011494252873563218,1,7.075346031088684,0.008132581644929523
muscles,0.0011494252873563218,1,7.075346031088684,0.008132581644929523
pic,0.0022988505747126436,2,6.66988092298052,0.015333059593058666
shorts,0.0011494252873563218,1,7.075346031088684,0.008132581644929523
increasing,0.0011494252873563218,1,7.075346031088684,0.008132581644929523
pls,0.0011494252873563218,1,7.075346031088684,0.008132581644929523
thiscountry,0.0011494252873563218,1,7.075346031088684,0.008132581644929523
turmoil,0.0011494252873563218,1,7.075346031088684,0.008132581644929523
famke,0.0011494252873563218,1,7.075346031088684,0.008132581644929523
janssen,0.0011494252873563218,1,7.075346031088684,0.008132581644929523
plastics,0.0011494252873563218,1,7.075346031088684,0.008132581644929523
taboo,0.0011494252873563218,1,7.075346031088684,0.008132581644929523
bombshttps,0.0011494252873563218,1,7.075346031088684,0.008132581644929523
homemade,0.0011494252873563218,1,7.075346031088684,0.008132581644929523
injured,0.0022988505747126436,2,6.66988092298052,0.015333059593058666
nkcojstxw,0.0011494252873563218,1,7.075346031088684,0.008132581644929523
protestor,0.0011494252873563218,1,7.075346031088684,0.008132581644929523
protestors,0.0011494252873563218,1,7.075346031088684,0.008132581644929523
sophia,0.0011494252873563218,1,7.075346031088684,0.008132581644929523
wilansky,0.0011494252873563218,1,7.075346031088684,0.008132581644929523
assad,0.0034482758620689655,2,6.66988092298052,0.022999589389588
bombing,0.0011494252873563218,1,7.075346031088684,0.008132581644929523
civilians,0.0011494252873563218,1,7.075346031088684,0.008132581644929523
guilty,0.0022988505747126436,1,7.075346031088684,0.016265163289859046
slaughter,0.0011494252873563218,1,7.075346031088684,0.008132581644929523
familiar,0.0011494252873563218,1,7.075346031088684,0.008132581644929523
favourite,0.0011494252873563218,1,7.075346031088684,0.008132581644929523
stranger,0.0011494252873563218,1,7.075346031088684,0.008132581644929523
trajectory,0.0011494252873563218,1,7.075346031088684,0.008132581644929523
arabia,0.0011494252873563218,1,7.075346031088684,0.008132581644929523
boomboomb,0.0011494252873563218,1,7.075346031088684,0.008132581644929523
defending,0.0011494252873563218,1,7.075346031088684,0.008132581644929523
medicine,0.0011494252873563218,1,7.075346031088684,0.008132581644929523
bennett,0.0011494252873563218,1,7.075346031088684,0.008132581644929523
smiles,0.0011494252873563218,1,7.075346031088684,0.008132581644929523
someplace,0.0011494252873563218,1,7.075346031088684,0.008132581644929523
somewhere,0.0011494252873563218,1,7.075346031088684,0.008132581644929523
aka,0.0011494252873563218,1,7.075346031088684,0.008132581644929523
bernie,0.0011494252873563218,1,7.075346031088684,0.008132581644929523
disrupt,0.0011494252873563218,1,7.075346031088684,0.008132581644929523
paying,0.0011494252873563218,1,7.075346031088684,0.008132581644929523
contributions,0.0011494252873563218,1,7.075346031088684,0.008132581644929523
energy,0.0022988505747126436,2,6.66988092298052,0.015333059593058666
executive,0.0011494252873563218,1,7.075346031088684,0.008132581644929523
generous,0.0011494252873563218,1,7.075346031088684,0.008132581644929523
kelcy,0.0011494252873563218,1,7.075346031088684,0.008132581644929523
recipient,0.0011494252873563218,1,7.075346031088684,0.008132581644929523
transfer,0.0011494252873563218,1,7.075346031088684,0.008132581644929523
warren,0.0011494252873563218,1,7.075346031088684,0.008132581644929523
million,0.0034482758620689655,3,6.382198850528739,0.02200758224320255
repr,0.0011494252873563218,1,7.075346031088684,0.008132581644929523
scottsman,0.0011494252873563218,1,7.075346031088684,0.008132581644929523
aren,0.0022988505747126436,2,6.66988092298052,0.015333059593058666
gmc,0.0011494252873563218,1,7.075346031088684,0.008132581644929523
necessary,0.0011494252873563218,1,7.075346031088684,0.008132581644929523
proving,0.0011494252873563218,1,7.075346031088684,0.008132581644929523
angular,0.0011494252873563218,1,7.075346031088684,0.008132581644929523
completely,0.0011494252873563218,1,7.075346031088684,0.008132581644929523
hiding,0.0011494252873563218,1,7.075346031088684,0.008132581644929523
hombres,0.004597701149425287,4,6.159055299214529,0.028317495628572546
throwing,0.0022988505747126436,2,6.66988092298052,0.015333059593058666
versioning,0.0011494252873563218,1,7.075346031088684,0.008132581644929523
versions,0.0011494252873563218,1,7.075346031088684,0.008132581644929523
ahh,0.0011494252873563218,1,7.075346031088684,0.008132581644929523
arianagrande,0.0011494252873563218,1,7.075346031088684,0.008132581644929523
justin,0.0022988505747126436,2,6.66988092298052,0.015333059593058666
dorst,0.0011494252873563218,1,7.075346031088684,0.008132581644929523
micha,0.0011494252873563218,1,7.075346031088684,0.008132581644929523
dies,0.0011494252873563218,1,7.075346031088684,0.008132581644929523
pain,0.0011494252873563218,1,7.075346031088684,0.008132581644929523
pensioner,0.0011494252873563218,1,7.075346031088684,0.008132581644929523
poor,0.0011494252873563218,1,7.075346031088684,0.008132581644929523
pre,0.0011494252873563218,1,7.075346031088684,0.008132581644929523
qhp,0.0011494252873563218,1,7.075346031088684,0.008132581644929523
significant,0.0011494252873563218,1,7.075346031088684,0.008132581644929523
challenges,0.0011494252873563218,1,7.075346031088684,0.008132581644929523
democratic,0.0022988505747126436,2,6.66988092298052,0.015333059593058666
primaries,0.0011494252873563218,1,7.075346031088684,0.008132581644929523
fwx,0.0011494252873563218,1,7.075346031088684,0.008132581644929523
tbrbw,0.0011494252873563218,1,7.075346031088684,0.008132581644929523
demographics,0.0011494252873563218,1,7.075346031088684,0.008132581644929523
due,0.0011494252873563218,1,7.075346031088684,0.008132581644929523
guarantees,0.0011494252873563218,1,7.075346031088684,0.008132581644929523
murderers,0.0011494252873563218,1,7.075346031088684,0.008132581644929523
taxpayers,0.0011494252873563218,1,7.075346031088684,0.008132581644929523
documentation,0.0011494252873563218,1,7.075346031088684,0.008132581644929523
early,0.0011494252873563218,1,7.075346031088684,0.008132581644929523
gear,0.0011494252873563218,1,7.075346031088684,0.008132581644929523
cnn,0.0011494252873563218,1,7.075346031088684,0.008132581644929523
commitment,0.0011494252873563218,1,7.075346031088684,0.008132581644929523
diversified,0.0011494252873563218,1,7.075346031088684,0.008132581644929523
lack,0.0022988505747126436,2,6.66988092298052,0.015333059593058666
respect,0.0011494252873563218,1,7.075346031088684,0.008132581644929523
backs,0.0022988505747126436,2,6.66988092298052,0.015333059593058666
replacement,0.0011494252873563218,1,7.075346031088684,0.008132581644929523
vidal,0.0011494252873563218,1,7.075346031088684,0.008132581644929523
charts,0.0011494252873563218,1,7.075346031088684,0.008132581644929523
compromise,0.0011494252873563218,1,7.075346031088684,0.008132581644929523
impediment,0.0022988505747126436,1,7.075346031088684,0.016265163289859046
opposition,0.0011494252873563218,1,7.075346031088684,0.008132581644929523
revolutionary,0.0011494252873563218,1,7.075346031088684,0.008132581644929523
solidarity,0.0022988505747126436,2,6.66988092298052,0.015333059593058666
whereas,0.0011494252873563218,1,7.075346031088684,0.008132581644929523
masterpiece,0.0022988505747126436,2,6.66988092298052,0.015333059593058666
corporate,0.0011494252873563218,1,7.075346031088684,0.008132581644929523
decades,0.0011494252873563218,1,7.075346031088684,0.008132581644929523
ideas,0.0011494252873563218,1,7.075346031088684,0.008132581644929523
internalized,0.0011494252873563218,1,7.075346031088684,0.008132581644929523
pockets,0.0011494252873563218,1,7.075346031088684,0.008132581644929523
shitty,0.0011494252873563218,1,7.075346031088684,0.008132581644929523
bridge,0.0011494252873563218,1,7.075346031088684,0.008132581644929523
hidalgo,0.0022988505747126436,1,7.075346031088684,0.016265163289859046
immigrants,0.0011494252873563218,1,7.075346031088684,0.008132581644929523
reynosa,0.0022988505747126436,1,7.075346031088684,0.016265163289859046
stranded,0.0011494252873563218,1,7.075346031088684,0.008132581644929523
alreadythe,0.0011494252873563218,1,7.075346031088684,0.008132581644929523
amazingthe,0.0011494252873563218,1,7.075346031088684,0.008132581644929523
splendid,0.0011494252873563218,1,7.075346031088684,0.008132581644929523
theatres,0.0011494252873563218,1,7.075346031088684,0.008132581644929523
visuals,0.0011494252873563218,1,7.075346031088684,0.008132581644929523
bispak,0.0011494252873563218,1,7.075346031088684,0.008132581644929523
boob,0.0011494252873563218,1,7.075346031088684,0.008132581644929523
chinese,0.0022988505747126436,2,6.66988092298052,0.015333059593058666
hubby,0.0011494252873563218,1,7.075346031088684,0.008132581644929523
memek,0.0011494252873563218,1,7.075346031088684,0.008132581644929523
tits,0.0011494252873563218,1,7.075346031088684,0.008132581644929523
wife,0.0011494252873563218,1,7.075346031088684,0.008132581644929523
eastern,0.0011494252873563218,1,7.075346031088684,0.008132581644929523
prosecutor,0.0011494252873563218,1,7.075346031088684,0.008132581644929523
tweetmovie,0.0011494252873563218,1,7.075346031088684,0.008132581644929523
unfold,0.0011494252873563218,1,7.075346031088684,0.008132581644929523
ux,0.0011494252873563218,1,7.075346031088684,0.008132581644929523
istanbul,0.0011494252873563218,1,7.075346031088684,0.008132581644929523
trip,0.0034482758620689655,3,6.382198850528739,0.02200758224320255
guilt,0.0011494252873563218,1,7.075346031088684,0.008132581644929523
insecure,0.0011494252873563218,1,7.075346031088684,0.008132581644929523
semester,0.0011494252873563218,1,7.075346031088684,0.008132581644929523
brought,0.0022988505747126436,2,6.66988092298052,0.015333059593058666
cop,0.0011494252873563218,1,7.075346031088684,0.008132581644929523
hosts,0.0011494252873563218,1,7.075346031088684,0.008132581644929523
kill,0.0022988505747126436,2,6.66988092298052,0.015333059593058666
shapewood,0.0011494252873563218,1,7.075346031088684,0.008132581644929523
meta,0.0011494252873563218,1,7.075346031088684,0.008132581644929523
abandoned,0.0011494252873563218,1,7.075346031088684,0.008132581644929523
homeless,0.0011494252873563218,1,7.075346031088684,0.008132581644929523
risk,0.0011494252873563218,1,7.075346031088684,0.008132581644929523
size,0.0011494252873563218,1,7.075346031088684,0.008132581644929523
liveband,0.0011494252873563218,1,7.075346031088684,0.008132581644929523
panto,0.0011494252873563218,1,7.075346031088684,0.008132581644929523
sitzprobe,0.0011494252873563218,1,7.075346031088684,0.008132581644929523
yesterday,0.0022988505747126436,2,6.66988092298052,0.015333059593058666
besides,0.0011494252873563218,1,7.075346031088684,0.008132581644929523
fooling,0.0011494252873563218,1,7.075346031088684,0.008132581644929523
polluting,0.0011494252873563218,1,7.075346031088684,0.008132581644929523
quit,0.0011494252873563218,1,7.075346031088684,0.008132581644929523
clings,0.0011494252873563218,1,7.075346031088684,0.008132581644929523
patriotism,0.0011494252873563218,1,7.075346031088684,0.008132581644929523
resort,0.0011494252873563218,1,7.075346031088684,0.008132581644929523
scoundrel,0.0011494252873563218,1,7.075346031088684,0.008132581644929523
hungry,0.0011494252873563218,1,7.075346031088684,0.008132581644929523
strive,0.0011494252873563218,1,7.075346031088684,0.008132581644929523
ways,0.0022988505747126436,2,6.66988092298052,0.015333059593058666
puertorique,0.0011494252873563218,1,7.075346031088684,0.008132581644929523
cruel,0.0011494252873563218,1,7.075346031088684,0.008132581644929523
forms,0.0011494252873563218,1,7.075346031088684,0.008132581644929523
humans,0.0022988505747126436,2,6.66988092298052,0.015333059593058666
regarded,0.0011494252873563218,1,7.075346031088684,0.008132581644929523
unethical,0.0011494252873563218,1,7.075346031088684,0.008132581644929523
pasteur,0.0011494252873563218,1,7.075346031088684,0.008132581644929523
website,0.0011494252873563218,1,7.075346031088684,0.008132581644929523
nicolas,0.0022988505747126436,2,6.66988092298052,0.015333059593058666
riddance,0.0011494252873563218,1,7.075346031088684,0.008132581644929523
sob,0.0011494252873563218,1,7.075346031088684,0.008132581644929523
alexis,0.0011494252873563218,1,7.075346031088684,0.008132581644929523
cates,0.0011494252873563218,1,7.075346031088684,0.008132581644929523
curtis,0.0011494252873563218,1,7.075346031088684,0.008132581644929523
dziena,0.0011494252873563218,1,7.075346031088684,0.008132581644929523
gretchen,0.0011494252873563218,1,7.075346031088684,0.008132581644929523
heather,0.0011494252873563218,1,7.075346031088684,0.008132581644929523
holmes,0.0011494252873563218,1,7.075346031088684,0.008132581644929523
jamie,0.0011494252873563218,1,7.075346031088684,0.008132581644929523
judd,0.0011494252873563218,1,7.075346031088684,0.008132581644929523
katie,0.0011494252873563218,1,7.075346031088684,0.008132581644929523
lee,0.0011494252873563218,1,7.075346031088684,0.008132581644929523
mol,0.0011494252873563218,1,7.075346031088684,0.008132581644929523
phoebe,0.0011494252873563218,1,7.075346031088684,0.008132581644929523
cuk,0.0011494252873563218,1,7.075346031088684,0.008132581644929523
grieve,0.0011494252873563218,1,7.075346031088684,0.008132581644929523
ksnw,0.0011494252873563218,1,7.075346031088684,0.008132581644929523
nyc,0.0011494252873563218,1,7.075346031088684,0.008132581644929523
offers,0.0011494252873563218,1,7.075346031088684,0.008132581644929523
organize,0.0011494252873563218,1,7.075346031088684,0.008132581644929523
solace,0.0011494252873563218,1,7.075346031088684,0.008132581644929523
subway,0.0011494252873563218,1,7.075346031088684,0.008132581644929523
climate,0.0011494252873563218,1,7.075346031088684,0.008132581644929523
horror,0.0011494252873563218,1,7.075346031088684,0.008132581644929523
june,0.0011494252873563218,1,7.075346031088684,0.008132581644929523
offshore,0.0011494252873563218,1,7.075346031088684,0.008132581644929523
wells,0.0011494252873563218,1,7.075346031088684,0.008132581644929523
inewstv,0.0011494252873563218,1,7.075346031088684,0.008132581644929523
beourguest,0.0011494252873563218,1,7.075346031088684,0.008132581644929523
courtesy,0.0011494252873563218,1,7.075346031088684,0.008132581644929523
disney,0.0022988505747126436,2,6.66988092298052,0.015333059593058666
computers,0.0022988505747126436,2,6.66988092298052,0.015333059593058666
mcdonald,0.0011494252873563218,1,7.075346031088684,0.008132581644929523
dabiq,0.0011494252873563218,1,7.075346031088684,0.008132581644929523
esv,0.0011494252873563218,1,7.075346031088684,0.008132581644929523
jf,0.0011494252873563218,1,7.075346031088684,0.008132581644929523
magazine,0.0011494252873563218,1,7.075346031088684,0.008132581644929523
wos,0.0011494252873563218,1,7.075346031088684,0.008132581644929523
afv,0.0011494252873563218,1,7.075346031088684,0.008132581644929523
afvofficial,0.0011494252873563218,1,7.075346031088684,0.008132581644929523
um,0.0011494252873563218,1,7.075346031088684,0.008132581644929523
services,0.0011494252873563218,1,7.075346031088684,0.008132581644929523
shame,0.0011494252873563218,1,7.075346031088684,0.008132581644929523
wind,0.0011494252873563218,1,7.075346031088684,0.008132581644929523
awaits,0.0011494252873563218,1,7.075346031088684,0.008132581644929523
christmas,0.0011494252873563218,1,7.075346031088684,0.008132581644929523
england,0.0011494252873563218,1,7.075346031088684,0.008132581644929523
pilled,0.0011494252873563218,1,7.075346031088684,0.008132581644929523
welcoming,0.0011494252873563218,1,7.075346031088684,0.008132581644929523
phase,0.0011494252873563218,1,7.075346031088684,0.008132581644929523
eis,0.0011494252873563218,1,7.075346031088684,0.008132581644929523
impossible,0.0011494252873563218,1,7.075346031088684,0.008132581644929523
nearly,0.0011494252873563218,1,7.075346031088684,0.008132581644929523
obtain,0.0011494252873563218,1,7.075346031088684,0.008132581644929523
required,0.0011494252873563218,1,7.075346031088684,0.008132581644929523
min,0.0011494252873563218,1,7.075346031088684,0.008132581644929523
coup,0.0011494252873563218,1,7.075346031088684,0.008132581644929523
idiots,0.0011494252873563218,1,7.075346031088684,0.008132581644929523
ua,0.0011494252873563218,1,7.075346031088684,0.008132581644929523
useful,0.0011494252873563218,1,7.075346031088684,0.008132581644929523
added,0.0011494252873563218,1,7.075346031088684,0.008132581644929523
fixing,0.0011494252873563218,1,7.075346031088684,0.008132581644929523
playlist,0.0011494252873563218,1,7.075346031088684,0.008132581644929523
ignorant,0.0011494252873563218,1,7.075346031088684,0.008132581644929523
pedophiles,0.0011494252873563218,1,7.075346031088684,0.008132581644929523
pizzagate,0.0011494252873563218,1,7.075346031088684,0.008132581644929523
wondering,0.0011494252873563218,1,7.075346031088684,0.008132581644929523
xmas,0.0011494252873563218,1,7.075346031088684,0.008132581644929523
suitcase,0.0011494252873563218,1,7.075346031088684,0.008132581644929523
bs,0.0011494252873563218,1,7.075346031088684,0.008132581644929523
elsewhere,0.0011494252873563218,1,7.075346031088684,0.008132581644929523
seems,0.005747126436781609,5,5.976733742420574,0.034349044496669964
committee,0.0011494252873563218,1,7.075346031088684,0.008132581644929523
communications,0.0011494252873563218,1,7.075346031088684,0.008132581644929523
gzpb,0.0011494252873563218,1,7.075346031088684,0.008132581644929523
helm,0.0011494252873563218,1,7.075346031088684,0.008132581644929523
nancy,0.0011494252873563218,1,7.075346031088684,0.008132581644929523
pbx,0.0011494252873563218,1,7.075346031088684,0.008132581644929523
recommended,0.0011494252873563218,1,7.075346031088684,0.008132581644929523
triumvirate,0.0011494252873563218,1,7.075346031088684,0.008132581644929523
backstage,0.0011494252873563218,1,7.075346031088684,0.008132581644929523
dink,0.0011494252873563218,1,7.075346031088684,0.008132581644929523
ek,0.0011494252873563218,1,7.075346031088684,0.008132581644929523
grootfm,0.0011494252873563218,1,7.075346031088684,0.008132581644929523
mal,0.0011494252873563218,1,7.075346031088684,0.008132581644929523
sal,0.0011494252873563218,1,7.075346031088684,0.008132581644929523
wees,0.0011494252873563218,1,7.075346031088684,0.008132581644929523
baseless,0.0011494252873563218,1,7.075346031088684,0.008132581644929523
conform,0.0011494252873563218,1,7.075346031088684,0.008132581644929523
elected,0.0011494252873563218,1,7.075346031088684,0.008132581644929523
jewphobia,0.0011494252873563218,1,7.075346031088684,0.008132581644929523
vicious,0.0011494252873563218,1,7.075346031088684,0.008132581644929523
friend,0.0011494252873563218,1,7.075346031088684,0.008132581644929523
xanax,0.0011494252873563218,1,7.075346031088684,0.008132581644929523
geography,0.0011494252873563218,1,7.075346031088684,0.008132581644929523
criticizing,0.004597701149425287,3,6.382198850528739,0.02934344299093673
mods,0.0011494252873563218,1,7.075346031088684,0.008132581644929523
punished,0.0011494252873563218,1,7.075346031088684,0.008132581644929523
reddit,0.0011494252873563218,1,7.075346031088684,0.008132581644929523
boys,0.0011494252873563218,1,7.075346031088684,0.008132581644929523
kerry,0.0011494252873563218,1,7.075346031088684,0.008132581644929523
kingdom,0.0011494252873563218,1,7.075346031088684,0.008132581644929523
peaceful,0.0011494252873563218,1,7.075346031088684,0.008132581644929523
violating,0.0011494252873563218,1,7.075346031088684,0.008132581644929523
apartheid,0.0011494252873563218,1,7.075346031088684,0.008132581644929523
word,0.0011494252873563218,1,7.075346031088684,0.008132581644929523
sold,0.0011494252873563218,1,7.075346031088684,0.008132581644929523
yqg,0.0011494252873563218,1,7.075346031088684,0.008132581644929523
screwed,0.0011494252873563218,1,7.075346031088684,0.008132581644929523
communism,0.0011494252873563218,1,7.075346031088684,0.008132581644929523
marxism,0.0011494252873563218,1,7.075346031088684,0.008132581644929523
quotation,0.0011494252873563218,1,7.075346031088684,0.008132581644929523
representative,0.0011494252873563218,1,7.075346031088684,0.008132581644929523
documentary,0.0011494252873563218,1,7.075346031088684,0.008132581644929523
freewheelin,0.0011494252873563218,1,7.075346031088684,0.008132581644929523
pennebaker,0.0011494252873563218,1,7.075346031088684,0.008132581644929523
vimeo,0.0011494252873563218,1,7.075346031088684,0.008132581644929523
capable,0.0011494252873563218,1,7.075346031088684,0.008132581644929523
deadly,0.0011494252873563218,1,7.075346031088684,0.008132581644929523
threatened,0.0011494252873563218,1,7.075346031088684,0.008132581644929523
cheney,0.0011494252873563218,1,7.075346031088684,0.008132581644929523
darth,0.0011494252873563218,1,7.075346031088684,0.008132581644929523
dick,0.0011494252873563218,1,7.075346031088684,0.008132581644929523
vader,0.0011494252873563218,1,7.075346031088684,0.008132581644929523
healthcare,0.0011494252873563218,1,7.075346031088684,0.008132581644929523
humanoid,0.0011494252873563218,1,7.075346031088684,0.008132581644929523
potential,0.0011494252873563218,1,7.075346031088684,0.008132581644929523
providers,0.0011494252873563218,1,7.075346031088684,0.008132581644929523
realizing,0.0011494252873563218,1,7.075346031088684,0.008132581644929523
bo,0.0011494252873563218,1,7.075346031088684,0.008132581644929523
butevenif,0.0011494252873563218,1,7.075346031088684,0.008132581644929523
lp,0.0011494252873563218,1,7.075346031088684,0.008132581644929523
tellslyingpress,0.0011494252873563218,1,7.075346031088684,0.008132581644929523
willstillspeculateinnegativeabouttrump,0.0011494252873563218,1,7.075346031088684,0.008132581644929523
controversy,0.0011494252873563218,1,7.075346031088684,0.008132581644929523
followed,0.0011494252873563218,1,7.075346031088684,0.008132581644929523
sides,0.0011494252873563218,1,7.075346031088684,0.008132581644929523
stay,0.0011494252873563218,1,7.075346031088684,0.008132581644929523
afraid,0.0011494252873563218,1,7.075346031088684,0.008132581644929523
processhttps,0.0011494252873563218,1,7.075346031088684,0.008132581644929523
rpt,0.0011494252873563218,1,7.075346031088684,0.008132581644929523
uptonkate,0.0011494252873563218,1,7.075346031088684,0.008132581644929523
zw,0.0011494252873563218,1,7.075346031088684,0.008132581644929523
hanger,0.0011494252873563218,1,7.075346031088684,0.008132581644929523
john,0.0022988505747126436,2,6.66988092298052,0.015333059593058666
pulling,0.0011494252873563218,1,7.075346031088684,0.008132581644929523
registers,0.0011494252873563218,1,7.075346031088684,0.008132581644929523
travolta,0.0011494252873563218,1,7.075346031088684,0.008132581644929523
wire,0.0011494252873563218,1,7.075346031088684,0.008132581644929523
laws,0.0011494252873563218,1,7.075346031088684,0.008132581644929523
restrictive,0.0011494252873563218,1,7.075346031088684,0.008132581644929523
darius,0.0011494252873563218,1,7.075346031088684,0.008132581644929523
lesson,0.0011494252873563218,1,7.075346031088684,0.008132581644929523
manager,0.0011494252873563218,1,7.075346031088684,0.008132581644929523
vweuolsbw,0.0011494252873563218,1,7.075346031088684,0.008132581644929523
oligarchy,0.0011494252873563218,1,7.075346031088684,0.008132581644929523
eliminate,0.0011494252873563218,1,7.075346031088684,0.008132581644929523
fairest,0.0011494252873563218,1,7.075346031088684,0.008132581644929523
republic,0.0011494252873563218,1,7.075346031088684,0.008132581644929523
sorosriots,0.0011494252873563218,1,7.075346031088684,0.008132581644929523
changed,0.0011494252873563218,1,7.075346031088684,0.008132581644929523
discovered,0.0011494252873563218,1,7.075346031088684,0.008132581644929523
commit,0.0011494252873563218,1,7.075346031088684,0.008132581644929523
legalised,0.0011494252873563218,1,7.075346031088684,0.008132581644929523
spite,0.0011494252873563218,1,7.075346031088684,0.008132581644929523
suicide,0.0011494252873563218,1,7.075346031088684,0.008132581644929523
ain,0.0011494252873563218,1,7.075346031088684,0.008132581644929523
buddies,0.0011494252873563218,1,7.075346031088684,0.008132581644929523
chances,0.0011494252873563218,1,7.075346031088684,0.008132581644929523
messing,0.0011494252873563218,1,7.075346031088684,0.008132581644929523
stronger,0.0011494252873563218,1,7.075346031088684,0.008132581644929523
canadian,0.0011494252873563218,1,7.075346031088684,0.008132581644929523
silly,0.0011494252873563218,1,7.075346031088684,0.008132581644929523
holiday,0.0034482758620689655,3,6.382198850528739,0.02200758224320255
nasty,0.0011494252873563218,1,7.075346031088684,0.008132581644929523
dnt,0.0022988505747126436,1,7.075346031088684,0.016265163289859046
converted,0.0011494252873563218,1,7.075346031088684,0.008132581644929523
godless,0.0011494252873563218,1,7.075346031088684,0.008132581644929523
satanic,0.0011494252873563218,1,7.075346031088684,0.008132581644929523
tusk,0.0011494252873563218,1,7.075346031088684,0.008132581644929523
unions,0.0011494252873563218,1,7.075346031088684,0.008132581644929523
christie,0.0011494252873563218,1,7.075346031088684,0.008132581644929523
newjersey,0.0011494252873563218,1,7.075346031088684,0.008132581644929523
ptsd,0.0011494252873563218,1,7.075346031088684,0.008132581644929523
sufferers,0.0011494252873563218,1,7.075346031088684,0.008132581644929523
chamberlin,0.0011494252873563218,1,7.075346031088684,0.008132581644929523
kenneth,0.0011494252873563218,1,7.075346031088684,0.008132581644929523
periscope,0.0011494252873563218,1,7.075346031088684,0.008132581644929523
sr,0.0011494252873563218,1,7.075346031088684,0.008132581644929523
attractive,0.0011494252873563218,1,7.075346031088684,0.008132581644929523
idk,0.0011494252873563218,1,7.075346031088684,0.008132581644929523
fools,0.0011494252873563218,1,7.075346031088684,0.008132581644929523
hence,0.0011494252873563218,1,7.075346031088684,0.008132581644929523
familygoals,0.0011494252873563218,1,7.075346031088684,0.008132581644929523
airport,0.0011494252873563218,1,7.075346031088684,0.008132581644929523
arrived,0.0011494252873563218,1,7.075346031088684,0.008132581644929523
defec,0.0011494252873563218,1,7.075346031088684,0.008132581644929523
facilitate,0.0011494252873563218,1,7.075346031088684,0.008132581644929523
fsb,0.0011494252873563218,1,7.075346031088684,0.008132581644929523
kostina,0.0011494252873563218,1,7.075346031088684,0.008132581644929523
olga,0.0011494252873563218,1,7.075346031088684,0.008132581644929523
centuries,0.0011494252873563218,1,7.075346031088684,0.008132581644929523
dprinting,0.0022988505747126436,2,6.66988092298052,0.015333059593058666
recreated,0.0011494252873563218,1,7.075346031088684,0.008132581644929523
shipwreck,0.0011494252873563218,1,7.075346031088684,0.008132581644929523
count,0.0022988505747126436,2,6.66988092298052,0.015333059593058666
gutting,0.0011494252873563218,1,7.075346031088684,0.008132581644929523
lgbt,0.0011494252873563218,1,7.075346031088684,0.008132581644929523
ssa,0.0011494252873563218,1,7.075346031088684,0.008132581644929523
vot,0.0011494252873563218,1,7.075346031088684,0.008132581644929523
alleged,0.0022988505747126436,2,6.66988092298052,0.015333059593058666
breach,0.0011494252873563218,1,7.075346031088684,0.008132581644929523
committed,0.0011494252873563218,1,7.075346031088684,0.008132581644929523
gen,0.0011494252873563218,1,7.075346031088684,0.008132581644929523
pentagon,0.0011494252873563218,1,7.075346031088684,0.008132581644929523
measure,0.0011494252873563218,1,7.075346031088684,0.008132581644929523
mrs,0.0022988505747126436,2,6.66988092298052,0.015333059593058666
sookie,0.0022988505747126436,2,6.66988092298052,0.015333059593058666
difference,0.0011494252873563218,1,7.075346031088684,0.008132581644929523
eh,0.0011494252873563218,1,7.075346031088684,0.008132581644929523
mothers,0.0011494252873563218,1,7.075346031088684,0.008132581644929523
livelyrics,0.0011494252873563218,1,7.075346031088684,0.008132581644929523
soundhound,0.0011494252873563218,1,7.075346031088684,0.008132581644929523
command,0.0011494252873563218,1,7.075346031088684,0.008132581644929523
filthy,0.0011494252873563218,1,7.075346031088684,0.008132581644929523
louis,0.0022988505747126436,2,6.66988092298052,0.015333059593058666
conflicts,0.0011494252873563218,1,7.075346031088684,0.008132581644929523
foreign,0.0011494252873563218,1,7.075346031088684,0.008132581644929523
intervenes,0.0011494252873563218,1,7.075346031088684,0.008132581644929523
ok,0.006896551724137931,5,5.976733742420574,0.04121885339600396
plans,0.0011494252873563218,1,7.075346031088684,0.008132581644929523
large,0.0011494252873563218,1,7.075346031088684,0.008132581644929523
orchestrates,0.0011494252873563218,1,7.075346031088684,0.008132581644929523
scale,0.0011494252873563218,1,7.075346031088684,0.008132581644929523
scenario,0.0011494252873563218,1,7.075346031088684,0.008132581644929523
sna,0.0011494252873563218,1,7.075346031088684,0.008132581644929523
hot,0.0011494252873563218,1,7.075346031088684,0.008132581644929523
conference,0.0011494252873563218,1,7.075346031088684,0.008132581644929523
nationalists,0.0011494252873563218,1,7.075346031088684,0.008132581644929523
praising,0.0011494252873563218,1,7.075346031088684,0.008132581644929523
mart,0.0011494252873563218,1,7.075346031088684,0.008132581644929523
repost,0.0011494252873563218,1,7.075346031088684,0.008132581644929523
repostapp,0.0011494252873563218,1,7.075346031088684,0.008132581644929523
fascist,0.0022988505747126436,2,6.66988092298052,0.015333059593058666
worse,0.0011494252873563218,1,7.075346031088684,0.008132581644929523
expresses,0.0011494252873563218,1,7.075346031088684,0.008132581644929523
ppl,0.0011494252873563218,1,7.075346031088684,0.008132581644929523
raul,0.0022988505747126436,2,6.66988092298052,0.015333059593058666
venezuelan,0.0011494252873563218,1,7.075346031088684,0.008132581644929523
bigoted,0.0011494252873563218,1,7.075346031088684,0.008132581644929523
fighting,0.0011494252873563218,1,7.075346031088684,0.008132581644929523
hitler,0.0011494252873563218,1,7.075346031088684,0.008132581644929523
mccoskrie,0.0011494252873563218,1,7.075346031088684,0.008132581644929523
delivers,0.0011494252873563218,1,7.075346031088684,0.008132581644929523
pennsylvania,0.0011494252873563218,1,7.075346031088684,0.008132581644929523
rare,0.0011494252873563218,1,7.075346031088684,0.008132581644929523
realestate,0.0011494252873563218,1,7.075346031088684,0.008132581644929523
lewd,0.0011494252873563218,1,7.075346031088684,0.008132581644929523
titter,0.0011494252873563218,1,7.075346031088684,0.008132581644929523
founded,0.0011494252873563218,1,7.075346031088684,0.008132581644929523
kkk,0.0022988505747126436,1,7.075346031088684,0.016265163289859046
lefttards,0.0011494252873563218,1,7.075346031088684,0.008132581644929523
narrative,0.0011494252873563218,1,7.075346031088684,0.008132581644929523
pays,0.0022988505747126436,2,6.66988092298052,0.015333059593058666
ryan,0.0011494252873563218,1,7.075346031088684,0.008132581644929523
cost,0.0011494252873563218,1,7.075346031088684,0.008132581644929523
eligible,0.0011494252873563218,1,7.075346031088684,0.008132581644929523
enrollee,0.0011494252873563218,1,7.075346031088684,0.008132581644929523
insure,0.0011494252873563218,1,7.075346031088684,0.008132581644929523
network,0.0011494252873563218,1,7.075346031088684,0.008132581644929523
relatively,0.0011494252873563218,1,7.075346031088684,0.008132581644929523
safer,0.0011494252873563218,1,7.075346031088684,0.008132581644929523
believers,0.0011494252873563218,1,7.075346031088684,0.008132581644929523
expect,0.0011494252873563218,1,7.075346031088684,0.008132581644929523
fad,0.0011494252873563218,1,7.075346031088684,0.008132581644929523
taught,0.0011494252873563218,1,7.075346031088684,0.008132581644929523
theyre,0.0011494252873563218,1,7.075346031088684,0.008132581644929523
book,0.0011494252873563218,1,7.075346031088684,0.008132581644929523
according,0.0011494252873563218,1,7.075346031088684,0.008132581644929523
huffington,0.0011494252873563218,1,7.075346031088684,0.008132581644929523
regards,0.0011494252873563218,1,7.075346031088684,0.008132581644929523
address,0.0011494252873563218,1,7.075346031088684,0.008132581644929523
legit,0.0011494252873563218,1,7.075346031088684,0.008132581644929523
leftist,0.0011494252873563218,1,7.075346031088684,0.008132581644929523
debates,0.0011494252873563218,1,7.075346031088684,0.008132581644929523
lgbtnews,0.0011494252873563218,1,7.075346031088684,0.008132581644929523
marriagehttps,0.0011494252873563218,1,7.075346031088684,0.008132581644929523
qsdkvxtv,0.0011494252873563218,1,7.075346031088684,0.008132581644929523
taiwan,0.0022988505747126436,1,7.075346031088684,0.016265163289859046
craving,0.0011494252873563218,1,7.075346031088684,0.008132581644929523
cream,0.0011494252873563218,1,7.075346031088684,0.008132581644929523
ice,0.0011494252873563218,1,7.075346031088684,0.008132581644929523
tacos,0.0011494252873563218,1,7.075346031088684,0.008132581644929523
constructed,0.0011494252873563218,1,7.075346031088684,0.008132581644929523
supplies,0.0011494252873563218,1,7.075346031088684,0.008132581644929523
berry,0.0011494252873563218,1,7.075346031088684,0.008132581644929523
mathieu,0.0011494252873563218,1,7.075346031088684,0.008132581644929523
safety,0.0011494252873563218,1,7.075346031088684,0.008132581644929523
thomas,0.0011494252873563218,1,7.075346031088684,0.008132581644929523
carr,0.0011494252873563218,1,7.075346031088684,0.008132581644929523
discuss,0.0011494252873563218,1,7.075346031088684,0.008132581644929523
joining,0.0022988505747126436,2,6.66988092298052,0.015333059593058666
pilgrimage,0.0011494252873563218,1,7.075346031088684,0.008132581644929523
tomorrow,0.0011494252873563218,1,7.075346031088684,0.008132581644929523
crusader,0.0011494252873563218,1,7.075346031088684,0.008132581644929523
exempt,0.0011494252873563218,1,7.075346031088684,0.008132581644929523
partisan,0.0011494252873563218,1,7.075346031088684,0.008132581644929523
salary,0.0011494252873563218,1,7.075346031088684,0.008132581644929523
choices,0.0011494252873563218,1,7.075346031088684,0.008132581644929523
closer,0.0011494252873563218,1,7.075346031088684,0.008132581644929523
dir,0.0011494252873563218,1,7.075346031088684,0.008132581644929523
hell,0.0011494252873563218,1,7.075346031088684,0.008132581644929523
organization,0.0011494252873563218,1,7.075346031088684,0.008132581644929523
unequaled,0.0011494252873563218,1,7.075346031088684,0.008132581644929523
brussels,0.0011494252873563218,1,7.075346031088684,0.008132581644929523
stays,0.0011494252873563218,1,7.075346031088684,0.008132581644929523
betterlatethannever,0.0011494252873563218,1,7.075346031088684,0.008132581644929523
ryuji,0.0022988505747126436,1,7.075346031088684,0.016265163289859046
environmental,0.0011494252873563218,1,7.075346031088684,0.008132581644929523
accidents,0.0011494252873563218,1,7.075346031088684,0.008132581644929523
automation,0.0011494252873563218,1,7.075346031088684,0.008132581644929523
bb,0.0022988505747126436,2,6.66988092298052,0.015333059593058666
paper,0.0011494252873563218,1,7.075346031088684,0.008132581644929523
thx,0.0011494252873563218,1,7.075346031088684,0.008132581644929523
writing,0.0011494252873563218,1,7.075346031088684,0.008132581644929523
reading,0.0022988505747126436,2,6.66988092298052,0.015333059593058666
debate,0.0011494252873563218,1,7.075346031088684,0.008132581644929523
mention,0.0011494252873563218,1,7.075346031088684,0.008132581644929523
nationally,0.0011494252873563218,1,7.075346031088684,0.008132581644929523
racial,0.0022988505747126436,2,6.66988092298052,0.015333059593058666
slur,0.0011494252873563218,1,7.075346031088684,0.008132581644929523
televised,0.0011494252873563218,1,7.075346031088684,0.008132581644929523
deliver,0.0011494252873563218,1,7.075346031088684,0.008132581644929523
race,0.0011494252873563218,1,7.075346031088684,0.008132581644929523
fb,0.0011494252873563218,1,7.075346031088684,0.008132581644929523
pantsuit,0.0011494252873563218,1,7.075346031088684,0.008132581644929523
childhood,0.0011494252873563218,1,7.075346031088684,0.008132581644929523
distorted,0.0011494252873563218,1,7.075346031088684,0.008132581644929523
flew,0.0011494252873563218,1,7.075346031088684,0.008132581644929523
grew,0.0011494252873563218,1,7.075346031088684,0.008132581644929523
memories,0.0011494252873563218,1,7.075346031088684,0.008132581644929523
neighborhood,0.0011494252873563218,1,7.075346031088684,0.008132581644929523
disloyal,0.0011494252873563218,1,7.075346031088684,0.008132581644929523
soundtrack,0.0011494252873563218,1,7.075346031088684,0.008132581644929523
competent,0.0011494252873563218,1,7.075346031088684,0.008132581644929523
dylann,0.0011494252873563218,1,7.075346031088684,0.008132581644929523
register,0.0011494252873563218,1,7.075346031088684,0.008132581644929523
roof,0.0011494252873563218,1,7.075346031088684,0.008132581644929523
trial,0.0011494252873563218,1,7.075346031088684,0.008132581644929523
brightest,0.0011494252873563218,1,7.075346031088684,0.008132581644929523
popularly,0.0011494252873563218,1,7.075346031088684,0.008132581644929523
referred,0.0011494252873563218,1,7.075346031088684,0.008132581644929523
gentlemen,0.0011494252873563218,1,7.075346031088684,0.008132581644929523
ladies,0.0011494252873563218,1,7.075346031088684,0.008132581644929523
terrific,0.0011494252873563218,1,7.075346031088684,0.008132581644929523
follow,0.0011494252873563218,1,7.075346031088684,0.008132581644929523
hyeki,0.0011494252873563218,1,7.075346031088684,0.008132581644929523
moneyhttps,0.0011494252873563218,1,7.075346031088684,0.008132581644929523
ukip,0.0011494252873563218,1,7.075346031088684,0.008132581644929523
wlxf,0.0011494252873563218,1,7.075346031088684,0.008132581644929523
clothes,0.0011494252873563218,1,7.075346031088684,0.008132581644929523
smalls,0.0011494252873563218,1,7.075346031088684,0.008132581644929523
earning,0.0011494252873563218,1,7.075346031088684,0.008132581644929523
bath,0.0011494252873563218,1,7.075346031088684,0.008132581644929523
boobies,0.0011494252873563218,1,7.075346031088684,0.008132581644929523
lifes,0.0011494252873563218,1,7.075346031088684,0.008132581644929523
bailing,0.0011494252873563218,1,7.075346031088684,0.008132581644929523
banks,0.0011494252873563218,1,7.075346031088684,0.008132581644929523
cops,0.0011494252873563218,1,7.075346031088684,0.008132581644929523
crimes,0.0011494252873563218,1,7.075346031088684,0.008132581644929523
negligence,0.0011494252873563218,1,7.075346031088684,0.008132581644929523
rogue,0.0011494252873563218,1,7.075346031088684,0.008132581644929523
anass,0.0011494252873563218,1,7.075346031088684,0.008132581644929523
andre,0.0011494252873563218,1,7.075346031088684,0.008132581644929523
celtic,0.0011494252873563218,1,7.075346031088684,0.008132581644929523
edits,0.0011494252873563218,1,7.075346031088684,0.008132581644929523
gomes,0.0011494252873563218,1,7.075346031088684,0.008132581644929523
events,0.0011494252873563218,1,7.075346031088684,0.008132581644929523
olympics,0.0011494252873563218,1,7.075346031088684,0.008132581644929523
rio,0.0011494252873563218,1,7.075346031088684,0.008132581644929523
sports,0.0011494252873563218,1,7.075346031088684,0.008132581644929523
yearinreview,0.0011494252873563218,1,7.075346031088684,0.008132581644929523
apparently,0.0022988505747126436,2,6.66988092298052,0.015333059593058666
lads,0.0011494252873563218,1,7.075346031088684,0.008132581644929523
playful,0.0011494252873563218,1,7.075346031088684,0.008132581644929523
sieg,0.0011494252873563218,1,7.075346031088684,0.008132581644929523
easter,0.0011494252873563218,1,7.075346031088684,0.008132581644929523
egg,0.0022988505747126436,2,6.66988092298052,0.015333059593058666
enables,0.0011494252873563218,1,7.075346031088684,0.008132581644929523
hypercar,0.0011494252873563218,1,7.075346031088684,0.008132581644929523
sprints,0.0011494252873563218,1,7.075346031088684,0.008132581644929523
captured,0.0011494252873563218,1,7.075346031088684,0.008132581644929523
ended,0.0011494252873563218,1,7.075346031088684,0.008132581644929523
journey,0.0011494252873563218,1,7.075346031088684,0.008132581644929523
successfully,0.0011494252873563218,1,7.075346031088684,0.008132581644929523
dogs,0.0011494252873563218,1,7.075346031088684,0.008132581644929523
fleas,0.0011494252873563218,1,7.075346031088684,0.008132581644929523
babar,0.0011494252873563218,1,7.075346031088684,0.008132581644929523
click,0.0011494252873563218,1,7.075346031088684,0.008132581644929523
howdy,0.0011494252873563218,1,7.075346031088684,0.008132581644929523
invite,0.0011494252873563218,1,7.075346031088684,0.008132581644929523
particular,0.0011494252873563218,1,7.075346031088684,0.008132581644929523
porn,0.0011494252873563218,1,7.075346031088684,0.008132581644929523
profile,0.0011494252873563218,1,7.075346031088684,0.008132581644929523
cards,0.0022988505747126436,2,6.66988092298052,0.015333059593058666
future,0.0011494252873563218,1,7.075346031088684,0.008132581644929523
hof,0.0011494252873563218,1,7.075346031088684,0.008132581644929523
insert,0.0011494252873563218,1,7.075346031088684,0.008132581644929523
doublethink,0.0011494252873563218,1,7.075346031088684,0.008132581644929523
socjus,0.0011494252873563218,1,7.075346031088684,0.008132581644929523
standards,0.0011494252873563218,1,7.075346031088684,0.008132581644929523
innocent,0.0011494252873563218,1,7.075346031088684,0.008132581644929523
breakingbad,0.0011494252873563218,1,7.075346031088684,0.008132581644929523
fucked,0.0011494252873563218,1,7.075346031088684,0.008132581644929523
twd,0.0011494252873563218,1,7.075346031088684,0.008132581644929523
indian,0.0011494252873563218,1,7.075346031088684,0.008132581644929523
makeup,0.0022988505747126436,1,7.075346031088684,0.016265163289859046
makeupgiveaway,0.0011494252873563218,1,7.075346031088684,0.008132581644929523
ultimate,0.0011494252873563218,1,7.075346031088684,0.008132581644929523
blabbing,0.0011494252873563218,1,7.075346031088684,0.008132581644929523
instead,0.0011494252873563218,1,7.075346031088684,0.008132581644929523
opinions,0.0011494252873563218,1,7.075346031088684,0.008132581644929523
prather,0.0011494252873563218,1,7.075346031088684,0.008132581644929523
sallyfields,0.0011494252873563218,1,7.075346031088684,0.008132581644929523
univ,0.0022988505747126436,2,6.66988092298052,0.015333059593058666
coded,0.0011494252873563218,1,7.075346031088684,0.008132581644929523
fbnewt,0.0011494252873563218,1,7.075346031088684,0.008132581644929523
mommy,0.0011494252873563218,1,7.075346031088684,0.008132581644929523
aware,0.0011494252873563218,1,7.075346031088684,0.008132581644929523
uv,0.0011494252873563218,1,7.075346031088684,0.008132581644929523
yz,0.0011494252873563218,1,7.075346031088684,0.008132581644929523
compulsory,0.0011494252873563218,1,7.075346031088684,0.008132581644929523
homag,0.0011494252873563218,1,7.075346031088684,0.008132581644929523
myself,0.0011494252873563218,1,7.075346031088684,0.008132581644929523
barry,0.0011494252873563218,1,7.075346031088684,0.008132581644929523
hall,0.0011494252873563218,1,7.075346031088684,0.008132581644929523
manning,0.0011494252873563218,1,7.075346031088684,0.008132581644929523
megatron,0.0011494252873563218,1,7.075346031088684,0.008132581644929523
peyton,0.0011494252873563218,1,7.075346031088684,0.008132581644929523
sanders,0.0011494252873563218,1,7.075346031088684,0.008132581644929523
slap,0.0011494252873563218,1,7.075346031088684,0.008132581644929523
sleeves,0.0011494252873563218,1,7.075346031088684,0.008132581644929523
bmw,0.0011494252873563218,1,7.075346031088684,0.008132581644929523
gm,0.0011494252873563218,1,7.075346031088684,0.008132581644929523
goog,0.0011494252873563218,1,7.075346031088684,0.008132581644929523
selfdrivingcars,0.0011494252873563218,1,7.075346031088684,0.008132581644929523
slideshow,0.0011494252873563218,1,7.075346031088684,0.008132581644929523
unintended,0.0011494252873563218,1,7.075346031088684,0.008132581644929523
spoiler,0.0011494252873563218,1,7.075346031088684,0.008132581644929523
cambridgekillers,0.0011494252873563218,1,7.075346031088684,0.008132581644929523
engaged,0.0011494252873563218,1,7.075346031088684,0.008132581644929523
dementors,0.0011494252873563218,1,7.075346031088684,0.008132581644929523
explains,0.0011494252873563218,1,7.075346031088684,0.008132581644929523
anime,0.0011494252873563218,1,7.075346031088684,0.008132581644929523
jews,0.0011494252873563218,1,7.075346031088684,0.008132581644929523
niggas,0.0011494252873563218,1,7.075346031088684,0.008132581644929523
space,0.0011494252873563218,1,7.075346031088684,0.008132581644929523
auditthadamvotes,0.0011494252873563218,1,7.075346031088684,0.008132581644929523
deserve,0.0011494252873563218,1,7.075346031088684,0.008132581644929523
concerns,0.0011494252873563218,1,7.075346031088684,0.008132581644929523
depending,0.0011494252873563218,1,7.075346031088684,0.008132581644929523
normal,0.0011494252873563218,1,7.075346031088684,0.008132581644929523
whom,0.0011494252873563218,1,7.075346031088684,0.008132581644929523
followers,0.0011494252873563218,1,7.075346031088684,0.008132581644929523
automotive,0.0011494252873563218,1,7.075346031088684,0.008132581644929523
autos,0.0011494252873563218,1,7.075346031088684,0.008132581644929523
berlin,0.0011494252873563218,1,7.075346031088684,0.008132581644929523
car,0.0011494252873563218,1,7.075346031088684,0.008132581644929523
london,0.0011494252873563218,1,7.075346031088684,0.008132581644929523
ludicrous,0.0011494252873563218,1,7.075346031088684,0.008132581644929523
road,0.0011494252873563218,1,7.075346031088684,0.008132581644929523
annoying,0.0022988505747126436,2,6.66988092298052,0.015333059593058666
signed,0.0011494252873563218,1,7.075346031088684,0.008132581644929523
superstar,0.0011494252873563218,1,7.075346031088684,0.008132581644929523
utd,0.0011494252873563218,1,7.075346031088684,0.008132581644929523
forget,0.0011494252873563218,1,7.075346031088684,0.008132581644929523
meant,0.0011494252873563218,1,7.075346031088684,0.008132581644929523
dame,0.0011494252873563218,1,7.075346031088684,0.008132581644929523
growing,0.0022988505747126436,2,6.66988092298052,0.015333059593058666
louise,0.0011494252873563218,1,7.075346031088684,0.008132581644929523
segregation,0.0011494252873563218,1,7.075346031088684,0.008132581644929523
warns,0.0011494252873563218,1,7.075346031088684,0.008132581644929523
die,0.0022988505747126436,2,6.66988092298052,0.015333059593058666
lat,0.0011494252873563218,1,7.075346031088684,0.008132581644929523
menos,0.0011494252873563218,1,7.075346031088684,0.008132581644929523
morales,0.0011494252873563218,1,7.075346031088684,0.008132581644929523
akhbar,0.0011494252873563218,1,7.075346031088684,0.008132581644929523
contact,0.0011494252873563218,1,7.075346031088684,0.008132581644929523
iac,0.0011494252873563218,1,7.075346031088684,0.008132581644929523
maintain,0.0011494252873563218,1,7.075346031088684,0.008132581644929523
ongoing,0.0011494252873563218,1,7.075346031088684,0.008132581644929523
operational,0.0011494252873563218,1,7.075346031088684,0.008132581644929523
veh,0.0011494252873563218,1,7.075346031088684,0.008132581644929523
stadium,0.0011494252873563218,1,7.075346031088684,0.008132581644929523
zenit,0.0011494252873563218,1,7.075346031088684,0.008132581644929523
breakers,0.0011494252873563218,1,7.075346031088684,0.008132581644929523
broken,0.0011494252873563218,1,7.075346031088684,0.008132581644929523
doj,0.0011494252873563218,1,7.075346031088684,0.008132581644929523
lynch,0.0011494252873563218,1,7.075346031088684,0.008132581644929523
pet,0.0011494252873563218,1,7.075346031088684,0.008132581644929523
sided,0.0011494252873563218,1,7.075346031088684,0.008132581644929523
usc,0.0011494252873563218,1,7.075346031088684,0.008132581644929523
bearakeetas,0.0011494252873563218,1,7.075346031088684,0.008132581644929523
certain,0.0011494252873563218,1,7.075346031088684,0.008132581644929523
hatching,0.0011494252873563218,1,7.075346031088684,0.008132581644929523
album,0.0011494252873563218,1,7.075346031088684,0.008132581644929523
concept,0.0011494252873563218,1,7.075346031088684,0.008132581644929523
glued,0.0011494252873563218,1,7.075346031088684,0.008132581644929523
greenday,0.0011494252873563218,1,7.075346031088684,0.008132581644929523
wig,0.0011494252873563218,1,7.075346031088684,0.008132581644929523
counties,0.0011494252873563218,1,7.075346031088684,0.008132581644929523
discrepancy,0.0011494252873563218,1,7.075346031088684,0.008132581644929523
halderman,0.0011494252873563218,1,7.075346031088684,0.008132581644929523
megyn,0.0011494252873563218,1,7.075346031088684,0.008132581644929523
michigan,0.0011494252873563218,1,7.075346031088684,0.008132581644929523
results,0.0011494252873563218,1,7.075346031088684,0.008132581644929523
dolphins,0.0011494252873563218,1,7.075346031088684,0.008132581644929523
miami,0.0011494252873563218,1,7.075346031088684,0.008132581644929523
hutchison,0.0011494252873563218,1,7.075346031088684,0.008132581644929523
listens,0.0011494252873563218,1,7.075346031088684,0.008132581644929523
pittsburgh,0.0011494252873563218,1,7.075346031088684,0.008132581644929523
podcast,0.0011494252873563218,1,7.075346031088684,0.008132581644929523
fed,0.0011494252873563218,1,7.075346031088684,0.008132581644929523
reward,0.0011494252873563218,1,7.075346031088684,0.008132581644929523
risen,0.0011494252873563218,1,7.075346031088684,0.008132581644929523
artsci,0.0011494252873563218,1,7.075346031088684,0.008132581644929523
bachelder,0.0011494252873563218,1,7.075346031088684,0.008132581644929523
comic,0.0011494252873563218,1,7.075346031088684,0.008132581644929523
dubbed,0.0011494252873563218,1,7.075346031088684,0.008132581644929523
finalist,0.0011494252873563218,1,7.075346031088684,0.008132581644929523
novel,0.0011494252873563218,1,7.075346031088684,0.008132581644929523
uc,0.0011494252873563218,1,7.075346031088684,0.008132581644929523
beal,0.0011494252873563218,1,7.075346031088684,0.008132581644929523
boogie,0.0011494252873563218,1,7.075346031088684,0.008132581644929523
breathing,0.0011494252873563218,1,7.075346031088684,0.008132581644929523
ejected,0.0034482758620689655,1,7.075346031088684,0.024397744934788565
none,0.0011494252873563218,1,7.075346031088684,0.008132581644929523
steph,0.0011494252873563218,1,7.075346031088684,0.008132581644929523
final,0.0011494252873563218,1,7.075346031088684,0.008132581644929523
oops,0.0011494252873563218,1,7.075346031088684,0.008132581644929523
tuesday,0.0011494252873563218,1,7.075346031088684,0.008132581644929523
chavez,0.0011494252873563218,1,7.075346031088684,0.008132581644929523
terrible,0.0011494252873563218,1,7.075346031088684,0.008132581644929523
harry,0.0011494252873563218,1,7.075346031088684,0.008132581644929523
horan,0.0011494252873563218,1,7.075346031088684,0.008132581644929523
liam,0.0011494252873563218,1,7.075346031088684,0.008132581644929523
niall,0.0011494252873563218,1,7.075346031088684,0.008132581644929523
payne,0.0011494252873563218,1,7.075346031088684,0.008132581644929523
perfume,0.0011494252873563218,1,7.075346031088684,0.008132581644929523
poster,0.0011494252873563218,1,7.075346031088684,0.008132581644929523
styles,0.0011494252873563218,1,7.075346031088684,0.008132581644929523
comedians,0.0011494252873563218,1,7.075346031088684,0.008132581644929523
reasons,0.0011494252873563218,1,7.075346031088684,0.008132581644929523
celine,0.0011494252873563218,1,7.075346031088684,0.008132581644929523
dion,0.0011494252873563218,1,7.075346031088684,0.008132581644929523
obvious,0.0011494252873563218,1,7.075346031088684,0.008132581644929523
sound,0.0011494252873563218,1,7.075346031088684,0.008132581644929523
track,0.0011494252873563218,1,7.075346031088684,0.008132581644929523
bibi,0.0011494252873563218,1,7.075346031088684,0.008132581644929523
jacob,0.0011494252873563218,1,7.075346031088684,0.008132581644929523
yelev,0.0011494252873563218,1,7.075346031088684,0.008132581644929523
parents,0.0011494252873563218,1,7.075346031088684,0.008132581644929523
activity,0.0011494252873563218,1,7.075346031088684,0.008132581644929523
criminal,0.0011494252873563218,1,7.075346031088684,0.008132581644929523
jose,0.0011494252873563218,1,7.075346031088684,0.008132581644929523
mourinho,0.0011494252873563218,1,7.075346031088684,0.008132581644929523
suspected,0.0011494252873563218,1,7.075346031088684,0.008132581644929523
endangers,0.0011494252873563218,1,7.075346031088684,0.008132581644929523
saves,0.0011494252873563218,1,7.075346031088684,0.008132581644929523
freecuba,0.0011494252873563218,1,7.075346031088684,0.008132581644929523
modalities,0.0011494252873563218,1,7.075346031088684,0.008132581644929523
presentation,0.0011494252873563218,1,7.075346031088684,0.008132581644929523
recognize,0.0011494252873563218,1,7.075346031088684,0.008132581644929523
crimson,0.0011494252873563218,1,7.075346031088684,0.008132581644929523
gown,0.0011494252873563218,1,7.075346031088684,0.008132581644929523
outfit,0.0022988505747126436,2,6.66988092298052,0.015333059593058666
velvet,0.0022988505747126436,2,6.66988092298052,0.015333059593058666
exposed,0.0011494252873563218,1,7.075346031088684,0.008132581644929523
association,0.0022988505747126436,2,6.66988092298052,0.015333059593058666
communists,0.0011494252873563218,1,7.075346031088684,0.008132581644929523
dealing,0.0011494252873563218,1,7.075346031088684,0.008132581644929523
known,0.0011494252873563218,1,7.075346031088684,0.008132581644929523
mr,0.0011494252873563218,1,7.075346031088684,0.008132581644929523
setup,0.0011494252873563218,1,7.075346031088684,0.008132581644929523
instyle,0.0011494252873563218,1,7.075346031088684,0.008132581644929523
approval,0.0011494252873563218,1,7.075346031088684,0.008132581644929523
carry,0.0011494252873563218,1,7.075346031088684,0.008132581644929523
gaining,0.0011494252873563218,1,7.075346031088684,0.008132581644929523
nigeria,0.0011494252873563218,1,7.075346031088684,0.008132581644929523
reconsider,0.0011494252873563218,1,7.075346031088684,0.008132581644929523
fixed,0.0011494252873563218,1,7.075346031088684,0.008132581644929523
sheesh,0.0011494252873563218,1,7.075346031088684,0.008132581644929523
cm,0.0011494252873563218,1,7.075346031088684,0.008132581644929523
sm,0.0011494252873563218,1,7.075346031088684,0.008132581644929523
trltevzw,0.0011494252873563218,1,7.075346031088684,0.008132581644929523
inequality,0.0011494252873563218,1,7.075346031088684,0.008132581644929523
locked,0.0011494252873563218,1,7.075346031088684,0.008132581644929523
negate,0.0011494252873563218,1,7.075346031088684,0.008132581644929523
onto,0.0011494252873563218,1,7.075346031088684,0.008132581644929523
pts,0.0011494252873563218,1,7.075346031088684,0.008132581644929523
bombs,0.0011494252873563218,1,7.075346031088684,0.008132581644929523
karan,0.0011494252873563218,1,7.075346031088684,0.008132581644929523
mahajan,0.0011494252873563218,1,7.075346031088684,0.008132581644929523
gojazz,0.0011494252873563218,1,7.075346031088684,0.008132581644929523
takenote,0.0011494252873563218,1,7.075346031088684,0.008132581644929523
barbarism,0.0011494252873563218,1,7.075346031088684,0.008132581644929523
leader,0.0022988505747126436,2,6.66988092298052,0.015333059593058666
lolmuslims,0.0011494252873563218,1,7.075346031088684,0.008132581644929523
terror,0.0011494252873563218,1,7.075346031088684,0.008132581644929523
violence,0.0011494252873563218,1,7.075346031088684,0.008132581644929523
announces,0.0011494252873563218,1,7.075346031088684,0.008132581644929523
beoxsda,0.0011494252873563218,1,7.075346031088684,0.008132581644929523
xl,0.0011494252873563218,1,7.075346031088684,0.008132581644929523
countryside,0.0011494252873563218,1,7.075346031088684,0.008132581644929523
enjoying,0.0011494252873563218,1,7.075346031088684,0.008132581644929523
flick,0.0011494252873563218,1,7.075346031088684,0.008132581644929523
playing,0.0022988505747126436,2,6.66988092298052,0.015333059593058666
intelligent,0.0011494252873563218,1,7.075346031088684,0.008132581644929523
likes,0.0011494252873563218,1,7.075346031088684,0.008132581644929523
party,0.0011494252873563218,1,7.075346031088684,0.008132581644929523
republican,0.0011494252873563218,1,7.075346031088684,0.008132581644929523
hobby,0.0011494252873563218,1,7.075346031088684,0.008132581644929523
deed,0.0011494252873563218,1,7.075346031088684,0.008132581644929523
dropped,0.0011494252873563218,1,7.075346031088684,0.008132581644929523
havent,0.0011494252873563218,1,7.075346031088684,0.008132581644929523
protein,0.0011494252873563218,1,7.075346031088684,0.008132581644929523
agenda,0.0011494252873563218,1,7.075346031088684,0.008132581644929523
although,0.0011494252873563218,1,7.075346031088684,0.008132581644929523
carol,0.0011494252873563218,1,7.075346031088684,0.008132581644929523
coincidence,0.0011494252873563218,1,7.075346031088684,0.008132581644929523
platinum,0.0011494252873563218,1,7.075346031088684,0.008132581644929523
brexitthe,0.0011494252873563218,1,7.075346031088684,0.008132581644929523
fabian,0.0011494252873563218,1,7.075346031088684,0.008132581644929523
hoax,0.0011494252873563218,1,7.075346031088684,0.008132581644929523
jocox,0.0011494252873563218,1,7.075346031088684,0.008132581644929523
remain,0.0011494252873563218,1,7.075346031088684,0.008132581644929523
supporter,0.0011494252873563218,1,7.075346031088684,0.008132581644929523
sexiest,0.0011494252873563218,1,7.075346031088684,0.008132581644929523
mcconnell,0.0011494252873563218,1,7.075346031088684,0.008132581644929523
minority,0.0011494252873563218,1,7.075346031088684,0.008132581644929523
riiiight,0.0011494252873563218,1,7.075346031088684,0.008132581644929523
faces,0.0011494252873563218,1,7.075346031088684,0.008132581644929523
flat,0.0011494252873563218,1,7.075346031088684,0.008132581644929523
hollande,0.0011494252873563218,1,7.075346031088684,0.008132581644929523
merkel,0.0011494252873563218,1,7.075346031088684,0.008132581644929523
metaphorical,0.0011494252873563218,1,7.075346031088684,0.008132581644929523
physical,0.0011494252873563218,1,7.075346031088684,0.008132581644929523
santos,0.0011494252873563218,1,7.075346031088684,0.008132581644929523
bailed,0.0011494252873563218,1,7.075346031088684,0.008132581644929523
bankruptcy,0.0011494252873563218,1,7.075346031088684,0.008132581644929523
economics,0.0011494252873563218,1,7.075346031088684,0.008132581644929523
ger,0.0011494252873563218,1,7.075346031088684,0.008132581644929523
greece,0.0011494252873563218,1,7.075346031088684,0.008132581644929523
opinion,0.0011494252873563218,1,7.075346031088684,0.008132581644929523
promotes,0.0011494252873563218,1,7.075346031088684,0.008132581644929523
rating,0.0011494252873563218,1,7.075346031088684,0.008132581644929523
bathrooms,0.0011494252873563218,1,7.075346031088684,0.008132581644929523
females,0.0011494252873563218,1,7.075346031088684,0.008132581644929523
incest,0.0011494252873563218,1,7.075346031088684,0.008132581644929523
males,0.0011494252873563218,1,7.075346031088684,0.008132581644929523
portraying,0.0011494252873563218,1,7.075346031088684,0.008132581644929523
developing,0.0011494252873563218,1,7.075346031088684,0.008132581644929523
dp,0.0011494252873563218,1,7.075346031088684,0.008132581644929523
dprint,0.0011494252873563218,1,7.075346031088684,0.008132581644929523
software,0.0022988505747126436,1,7.075346031088684,0.016265163289859046
pull,0.0011494252873563218,1,7.075346031088684,0.008132581644929523
couldn,0.0011494252873563218,1,7.075346031088684,0.008132581644929523
francisco,0.0011494252873563218,1,7.075346031088684,0.008132581644929523
joseph,0.0011494252873563218,1,7.075346031088684,0.008132581644929523
lend,0.0011494252873563218,1,7.075346031088684,0.008132581644929523
shirt,0.0011494252873563218,1,7.075346031088684,0.008132581644929523
stalin,0.0011494252873563218,1,7.075346031088684,0.008132581644929523
desk,0.0011494252873563218,1,7.075346031088684,0.008132581644929523
service,0.0011494252873563218,1,7.075346031088684,0.008132581644929523
traveling,0.0011494252873563218,1,7.075346031088684,0.008132581644929523
lorelei,0.0011494252873563218,1,7.075346031088684,0.008132581644929523
patty,0.0011494252873563218,1,7.075346031088684,0.008132581644929523
rory,0.0011494252873563218,1,7.075346031088684,0.008132581644929523
humanity,0.0011494252873563218,1,7.075346031088684,0.008132581644929523
coolpopsart,0.0011494252873563218,1,7.075346031088684,0.008132581644929523
illustration,0.0011494252873563218,1,7.075346031088684,0.008132581644929523
popart,0.0011494252873563218,1,7.075346031088684,0.008132581644929523
popculture,0.0011494252873563218,1,7.075346031088684,0.008132581644929523
rickgrimes,0.0011494252873563218,1,7.075346031088684,0.008132581644929523
ricktatorship,0.0011494252873563218,1,7.075346031088684,0.008132581644929523
themeedes,0.0011494252873563218,1,7.075346031088684,0.008132581644929523
bodega,0.0011494252873563218,1,7.075346031088684,0.008132581644929523
cauldron,0.0011494252873563218,1,7.075346031088684,0.008132581644929523
magical,0.0011494252873563218,1,7.075346031088684,0.008132581644929523
amateurish,0.0011494252873563218,1,7.075346031088684,0.008132581644929523
copy,0.0011494252873563218,1,7.075346031088684,0.008132581644929523
decide,0.0011494252873563218,1,7.075346031088684,0.008132581644929523
judges,0.0011494252873563218,1,7.075346031088684,0.008132581644929523
seats,0.0011494252873563218,1,7.075346031088684,0.008132581644929523
christianity,0.0011494252873563218,1,7.075346031088684,0.008132581644929523
spewing,0.0011494252873563218,1,7.075346031088684,0.008132581644929523
beginning,0.0011494252873563218,1,7.075346031088684,0.008132581644929523
colson,0.0011494252873563218,1,7.075346031088684,0.008132581644929523
ibram,0.0011494252873563218,1,7.075346031088684,0.008132581644929523
icymi,0.0011494252873563218,1,7.075346031088684,0.008132581644929523
kendi,0.0011494252873563218,1,7.075346031088684,0.008132581644929523
werethe,0.0011494252873563218,1,7.075346031088684,0.008132581644929523
whiteheadstamped,0.0011494252873563218,1,7.075346031088684,0.008132581644929523
totally,0.0011494252873563218,1,7.075346031088684,0.008132581644929523
